Tecnologia;Nombre_Equipo;Cod_SCL;Prepago_Con_Iva;Contado_Con_IVA;Cuotas_3_Con_Iva;Cuotas_6_Con_Iva;Cuotas_12_Con_Iva;Cuotas_24_Con_Iva;;;;;;;;;;;;;
2G;Alcatel  OT-799A                 ;939;186900;150900;150900;150900;150900;ND;;;;;;;;;;;;;
2G;Alcatel 1011;1195;76900;40900;ND;ND;ND;ND;;;;;;;;;;;;;
2G;Alcatel 1030;1136;82900;46900;ND;ND;ND;ND;;;;;;;;;;;;;
2G;Alcatel 208 Gris;877;77900;41900;ND;ND;ND;ND;;;;;;;;;;;;;
2G;Alcatel 3001;1196;97900;61900;61900;61900;ND;ND;;;;;;;;;;;;;
2G;Alcatel OT 292;1040;45900;9900;ND;ND;ND;ND;;;;;;;;;;;;;
2G;Alcatel OT 355A Negro;980;127900;91900;91900;91900;ND;ND;;;;;;;;;;;;;
2G;Alcatel OT 355A Rojo;876;127900;91900;91900;91900;ND;ND;;;;;;;;;;;;;
2G;Alcatel OT-222A Metallic Pink;797;102900;66900;66900;66900;ND;ND;;;;;;;;;;;;;
2G;Alcatel OT-222A Rojo ;750;102900;66900;66900;66900;ND;ND;;;;;;;;;;;;;
2G;Alcatel OT-223A;926;96900;60900;60900;60900;ND;ND;;;;;;;;;;;;;
2G;Alcatel OT-255A Gris;812;117900;81900;81900;81900;ND;ND;;;;;;;;;;;;;
2G;Alcatel OT-308;1067;81900;45900;ND;ND;ND;ND;;;;;;;;;;;;;
2G;Alcatel OT-358;1066;45900;9900;ND;ND;ND;ND;;;;;;;;;;;;;
2G;Alcatel OT-358 White;1100;45900;9900;ND;ND;ND;ND;;;;;;;;;;;;;
2G;Alcatel OT-508A Plata;799;71900;35900;ND;ND;ND;ND;;;;;;;;;;;;;
2G;Alcatel OT-602;1054;45900;9900;ND;ND;ND;ND;;;;;;;;;;;;;
2G;Bases Fijas Avvio;677;ND;189900;189900;189900;189900;ND;;;;;;;;;;;;;
2G;BlackBerry 8520 Curve;714;396900;360900;360900;360900;360900;364900;;;;;;;;;;;;;
2G;BlackBerry 8520 Curve Blanca;792;396900;360900;360900;360900;360900;364900;;;;;;;;;;;;;
2G;Celufijo Huawei F317;1734;ND;94900;97900;100900;ND;ND;;;;;;;;;;;;;
2G;GPS Tracker Queclink GL200;1174;ND;209900;215900;221900;234900;ND;;;;;;;;;;;;;
2G;GPS Tracker Queclink GMT 100;1173;ND;242900;249900;256900;271900;ND;;;;;;;;;;;;;
2G;Huawei 2800S;1039;72900;36900;ND;ND;ND;ND;;;;;;;;;;;;;
2G;Huawei G2100(FM);871;84900;48900;ND;ND;ND;ND;;;;;;;;;;;;;
2G;Huawei G2157;802;79900;43900;ND;ND;ND;ND;;;;;;;;;;;;;
2G;Huawei G2200C                  ;760;81900;45900;ND;ND;ND;ND;;;;;;;;;;;;;
2G;Huawei G6007;1139;100900;64900;64900;64900;ND;ND;;;;;;;;;;;;;
2G;Huawei G7010;866;182900;146900;146900;146900;146900;ND;;;;;;;;;;;;;
2G;LG A235 Brava;993;142900;106900;106900;106900;106900;ND;;;;;;;;;;;;;
2G;LG Chatter Barra C105;896;225900;189900;189900;189900;189900;ND;;;;;;;;;;;;;
2G;LG GS 106 Anna;897;103900;67900;67900;67900;ND;ND;;;;;;;;;;;;;
2G;LG GT360 Chatter;700;314900;278900;278900;278900;278900;ND;;;;;;;;;;;;;
2G;LG KP109;702;101900;65900;65900;65900;ND;ND;;;;;;;;;;;;;
2G;LG KP570 Cookie  Gris;791;360900;324900;324900;324900;324900;350900;;;;;;;;;;;;;
2G;LG T300 Cookie Mini Negro/Gris;850;257900;221900;221900;221900;221900;ND;;;;;;;;;;;;;
2G;LG T310 Cookie  Style Negro;833;338900;302900;302900;302900;302900;326900;;;;;;;;;;;;;
2G;LG T310 Cookie Style Gris;852;338900;302900;302900;302900;302900;326900;;;;;;;;;;;;;
2G;Modem AVL GSM 2358;1161;ND;150900;154900;158900;167900;ND;;;;;;;;;;;;;
2G;Modem GPS Candado Ultra;1451;ND;479900;492900;507900;535900;593900;;;;;;;;;;;;;
2G;Modem GPS Parking;1443;ND;147900;151900;156900;165900;ND;;;;;;;;;;;;;
2G;Motorola EM 35;591;529900;493900;493900;493900;493900;532900;;;;;;;;;;;;;
2G;Motorola EX122 Motoscreen;887;239900;203900;203900;203900;203900;ND;;;;;;;;;;;;;
2G;Motorola SWX290;835;144900;108900;108900;108900;108900;ND;;;;;;;;;;;;;
2G;Movistar  R352;776;176900;140900;140900;140900;140900;ND;;;;;;;;;;;;;
2G;Movistar R255;1148;83900;47900;ND;ND;ND;ND;;;;;;;;;;;;;
2G;Movistar R255 Silver;1317;83900;47900;ND;ND;ND;ND;;;;;;;;;;;;;
2G;Movistar S519;1135;68900;32900;ND;ND;ND;ND;;;;;;;;;;;;;
2G;Movistar Smile;895;266900;230900;230900;230900;230900;ND;;;;;;;;;;;;;
2G;Movistar Urban;894;95900;59900;59900;59900;ND;ND;;;;;;;;;;;;;
2G;Movistar Urban M;1053;45900;9900;ND;ND;ND;ND;;;;;;;;;;;;;
2G;Nokia 100 Colt;1028;45900;9900;ND;ND;ND;ND;;;;;;;;;;;;;
2G;Nokia 106;1288;84900;48900;ND;ND;ND;ND;;;;;;;;;;;;;
2G;Nokia 106 Blanco;1302;84900;48900;ND;ND;ND;ND;;;;;;;;;;;;;
2G;Nokia 1616;804;80900;44900;ND;ND;ND;ND;;;;;;;;;;;;;
2G;Nokia 1661;618;114900;78900;78900;78900;ND;ND;;;;;;;;;;;;;
2G;Nokia 201;1031;169900;133900;133900;133900;133900;ND;;;;;;;;;;;;;
2G;Nokia 201 Blanco;1045;169900;133900;133900;133900;133900;ND;;;;;;;;;;;;;
2G;Nokia 2220 Slide;838;151900;115900;115900;115900;115900;ND;;;;;;;;;;;;;
2G;Nokia 2330  ;689;161900;125900;125900;125900;125900;ND;;;;;;;;;;;;;
2G;Nokia 3500;45;235900;199900;205900;211900;223900;ND;;;;;;;;;;;;;
2G;Nokia 5130;557;255900;219900;219900;219900;219900;ND;;;;;;;;;;;;;
2G;Nokia 5220 Xpress Music Rojo;580;445900;409900;409900;409900;409900;442900;;;;;;;;;;;;;
2G;Nokia C1-01;893;149900;113900;113900;113900;113900;ND;;;;;;;;;;;;;
2G;Nokia C3;815;253900;217900;217900;217900;217900;ND;;;;;;;;;;;;;
2G;Nokia C3-00 Negro;972;253900;217900;217900;217900;217900;ND;;;;;;;;;;;;;
2G;Nokia X2-00;839;342900;306900;306900;306900;306900;330900;;;;;;;;;;;;;
2G;Nokia X2-01;875;299900;263900;263900;263900;263900;ND;;;;;;;;;;;;;
2G;Planta Ericsson G36;698;ND;301900;301900;301900;301900;325900;;;;;;;;;;;;;
2G;Samsung C425 Clic;350;173900;137900;137900;137900;137900;ND;;;;;;;;;;;;;
2G;Samsung CH@T 335 S3350;916;70900;34900;ND;ND;ND;ND;;;;;;;;;;;;;
2G;Samsung Chat 222;1002;166900;130900;130900;130900;130900;ND;;;;;;;;;;;;;
2G;Samsung E1086 KeyStone FM;781;95900;59900;59900;59900;ND;ND;;;;;;;;;;;;;
2G;Samsung E1200;1051;45900;9900;ND;ND;ND;ND;;;;;;;;;;;;;
2G;Samsung GT-E2230 Nari Single Sim;962;137900;101900;101900;101900;101900;ND;;;;;;;;;;;;;
2G;Samsung SGH-C165;446;124900;88900;88900;88900;ND;ND;;;;;;;;;;;;;
2G;Sony Ericsson R306 Negro;537;239900;203900;203900;203900;203900;ND;;;;;;;;;;;;;
2G;Sony Ericsson T303 Negro;542;210900;174900;174900;174900;174900;ND;;;;;;;;;;;;;
2G;Sony Ericsson T303 Silver;536;210900;174900;174900;174900;174900;ND;;;;;;;;;;;;;
2G;Sony Ericsson TXT Pro Negro;1005;277900;241900;241900;241900;241900;ND;;;;;;;;;;;;;
2G;Sony Ericsson W205 Tessa Negro;738;268900;232900;232900;232900;232900;ND;;;;;;;;;;;;;
2G;Sony Ericsson W205 Tessa Rosado;739;268900;232900;232900;232900;232900;ND;;;;;;;;;;;;;
2G;Sony Ericsson W302;564;347900;311900;311900;311900;311900;336900;;;;;;;;;;;;;
3G;Alcatel 2052;1522;133900;97900;100900;103900;ND;ND;;;;;;;;;;;;;
3G;Alcatel 3075;1330;174900;125900;129900;132900;140900;ND;;;;;;;;;;;;;
3G;Alcatel Idol Mini Plateado;1360;345900;309900;327900;327900;327900;330900;;;;;;;;;;;;;
3G;Alcatel OT 4030 Spop;1290;145900;109900;203900;203900;203900;ND;;;;;;;;;;;;;
3G;Alcatel OT 4030 Spop Blanco;1316;145900;109900;203900;203900;203900;ND;;;;;;;;;;;;;
3G;Alcatel OT- 870;1055;71900;35900;ND;ND;ND;ND;;;;;;;;;;;;;
3G;Alcatel OT Fire 4012 ;1146;45900;9900;ND;ND;ND;ND;;;;;;;;;;;;;
3G;Alcatel OT Fire 4012 Camiseta Selección Colombia;1322;45900;9900;ND;ND;ND;ND;;;;;;;;;;;;;
3G;Alcatel OT Fire 4012 Naranja;1192;45900;9900;ND;ND;ND;ND;;;;;;;;;;;;;
3G;Alcatel OT Fire 4012 Naranja Camiseta Selección Colombia;1323;45900;9900;ND;ND;ND;ND;;;;;;;;;;;;;
3G;Alcatel OT-900A;1019;228900;192900;192900;192900;192900;ND;;;;;;;;;;;;;
3G;Alcatel OT-903;1085;71900;35900;ND;ND;ND;ND;;;;;;;;;;;;;
3G;"Alcatel Pixi 3 (4,0"")";1533;185900;149900;153900;158900;167900;ND;;;;;;;;;;;;;
3G;"Alcatel Pixi 3 (4,0"") Blanco";1534;185900;149900;153900;158900;167900;ND;;;;;;;;;;;;;
3G;"Alcatel Pop 3 5""";1613;446900;327900;337900;337900;340900;340900;;;;;;;;;;;;;
3G;"Alcatel Pop 3 5"" Blanco";1614;446900;327900;337900;337900;340900;340900;;;;;;;;;;;;;
3G;Alcatel Pop C1 Blanco;1398;165900;129900;133900;137900;144900;ND;;;;;;;;;;;;;
3G;Alcatel Pop C1 Negro;1397;165900;129900;133900;137900;144900;ND;;;;;;;;;;;;;
3G;BlackBerry 9300 Gris;819;514900;478900;478900;478900;478900;516900;;;;;;;;;;;;;
3G;BlackBerry 9320;1044;155900;119900;122900;126900;133900;ND;;;;;;;;;;;;;
3G;BlackBerry 9360;970;643900;607900;607900;607900;607900;656900;;;;;;;;;;;;;
3G;BlackBerry 9720;1169;423900;387900;431900;431900;431900;465900;;;;;;;;;;;;;
3G;BlackBerry 9720 Camiseta Selección Colombia;1327;423900;387900;431900;431900;431900;465900;;;;;;;;;;;;;
3G;BlackBerry 9790 ;1042;799900;763900;763900;763900;763900;824900;;;;;;;;;;;;;
3G;BlackBerry 9900;989;1220900;1184900;1184900;1184900;1184900;1279900;;;;;;;;;;;;;
3G;BlackBerry Torch 9800 ;828;1206900;1170900;1170900;1170900;1170900;1182900;;;;;;;;;;;;;
3G;BlackBerry Z10;1121;335900;299900;299900;299900;299900;323900;;;;;;;;;;;;;
3G;Celufijo Huawei ETS-3125i;1049;ND;60900;60900;60900;ND;ND;;;;;;;;;;;;;
3G;Huawei Ascend P6;1165;495900;459900;689900;689900;689900;744900;;;;;;;;;;;;;
3G;Huawei Ascend P6 Negro;1205;495900;459900;689900;689900;689900;744900;;;;;;;;;;;;;
3G;Huawei Ascend Y101;1057;209900;173900;173900;173900;173900;ND;;;;;;;;;;;;;
3G;Huawei G510;1149;365900;329900;329900;329900;329900;355900;;;;;;;;;;;;;
3G;Huawei G510 Negro;1206;365900;329900;329900;329900;329900;355900;;;;;;;;;;;;;
3G;Huawei U6150-5;1021;210900;174900;174900;174900;174900;ND;;;;;;;;;;;;;
3G;Huawei U8350 Boulder;977;308900;272900;272900;272900;272900;ND;;;;;;;;;;;;;
3G;Huawei Y 220;1295;105900;69900;69900;69900;ND;ND;;;;;;;;;;;;;
3G;Huawei Y 220 Blanco;1315;105900;69900;69900;69900;ND;ND;;;;;;;;;;;;;
3G;Huawei Y3 DS;1611;263900;223900;230900;236900;250900;ND;;;;;;;;;;;;;
3G;Huawei Y3 DS Blanco;1612;263900;223900;230900;236900;250900;ND;;;;;;;;;;;;;
3G;Huawei Y330 Fizz;1344;165900;129900;133900;137900;142900;ND;;;;;;;;;;;;;
3G;Huawei Y330 Fizz Blanco;1345;165900;129900;133900;137900;142900;ND;;;;;;;;;;;;;
3G;Iphone 4 de 16 GB;823;1394900;1358900;1358900;1358900;1358900;1467900;;;;;;;;;;;;;
3G;Iphone 4 de 16 GB White;824;1394900;1358900;1358900;1358900;1358900;1467900;;;;;;;;;;;;;
3G;Iphone 4 de 32 GB Black;825;1609900;1573900;1573900;1573900;1573900;1699900;;;;;;;;;;;;;
3G;Iphone 4S 16 GB Negro;1012;1499900;1463900;1463900;1463900;1463900;1580900;;;;;;;;;;;;;
3G;Iphone 4S 32 GB Negro;1013;1731900;1695900;1695900;1695900;1695900;1831900;;;;;;;;;;;;;
3G;Iphone 4S 64 GB Negro;1015;1943900;1907900;1907900;1907900;1907900;2060900;;;;;;;;;;;;;
3G;LG E400 Optimus L3;1058;71900;35900;ND;ND;ND;ND;;;;;;;;;;;;;
3G;LG L3 II;1202;232900;196900;196900;196900;196900;ND;;;;;;;;;;;;;
3G;LG L40;1416;155900;119900;134900;134900;134900;ND;;;;;;;;;;;;;
3G;LG L40 + DVD;1454;155900;119900;134900;134900;134900;ND;;;;;;;;;;;;;
3G;LG L40 Blanco;1417;155900;119900;134900;134900;134900;ND;;;;;;;;;;;;;
3G;LG L5 II Blanco Camiseta Selección Colombia;1319;285900;249900;249900;249900;249900;ND;;;;;;;;;;;;;
3G;LG L5 II Camiseta Selección Colombia;1318;285900;249900;249900;249900;249900;ND;;;;;;;;;;;;;
3G;LG L7 II;1296;399900;363900;363900;363900;363900;392900;;;;;;;;;;;;;
3G;LG Optimus L5 II;1166;285900;249900;249900;249900;249900;ND;;;;;;;;;;;;;
3G;LG Optimus L5 II Blanco;1299;285900;249900;249900;249900;249900;ND;;;;;;;;;;;;;
3G;LG P350 Optimus One Me/Pecan;938;416900;380900;380900;380900;380900;410900;;;;;;;;;;;;;
3G;Lumia 435 DS;1554;96900;60900;60900;60900;ND;ND;;;;;;;;;;;;;
3G;Modem ATI UM 100;553;95900;59900;ND;ND;ND;ND;;;;;;;;;;;;;
3G;Modem Huawei 3G E1756 C;857;95900;59900;ND;ND;ND;ND;;;;;;;;;;;;;
3G;Modem Seguimiento SkyPatrol 3G;1733;ND;399900;411900;423900;447900;495900;;;;;;;;;;;;;
3G;Modem SkyPatrol TT8750;610;ND;155900;160900;164900;174900;ND;;;;;;;;;;;;;
3G;Modem USB 3G Alcatel X602;1531;108900;72900;ND;ND;ND;ND;;;;;;;;;;;;;
3G;Modem USB 3G E1756;718;95900;59900;ND;ND;ND;ND;;;;;;;;;;;;;
3G;Modem USB 3G Huawei E173 Verde;914;95900;59900;ND;ND;ND;ND;;;;;;;;;;;;;
3G;Modem USB 3G Huawei E173 ;910;95900;59900;ND;ND;ND;ND;;;;;;;;;;;;;
3G;Modem USB 3G ZTE MF193;982;95900;59900;ND;ND;ND;ND;;;;;;;;;;;;;
3G;Modem USB Huawei E303;1071;108900;72900;ND;ND;ND;ND;;;;;;;;;;;;;
3G;Modem USB Huawei E353 HSPA+;1050;95900;59900;ND;ND;ND;ND;;;;;;;;;;;;;
3G;Modem ZTE USB  MF669 HSPA+;1072;95900;59900;ND;ND;ND;ND;;;;;;;;;;;;;
3G;Modem ZTE USB 3G MF190;978;95900;59900;ND;ND;ND;ND;;;;;;;;;;;;;
3G;Moto G;1207;297900;261900;269900;277900;293900;ND;;;;;;;;;;;;;
3G;Motorola MB632 Pro+;1032;805900;769900;769900;769900;769900;777900;;;;;;;;;;;;;
3G;Motorola Moto E DS;1418;167900;131900;135900;139900;147900;ND;;;;;;;;;;;;;
3G;Motorola Motokey Social;1022;212900;176900;176900;176900;176900;ND;;;;;;;;;;;;;
3G;Motorola Razr;1033;1225900;1189900;1189900;1189900;1189900;1322900;;;;;;;;;;;;;
3G;Movistar One;997;242900;206900;206900;206900;206900;ND;;;;;;;;;;;;;
3G;Nokia 208;1198;135900;99900;121900;121900;121900;ND;;;;;;;;;;;;;
3G;Nokia 2710 Navigation ED;820;262900;226900;226900;226900;226900;ND;;;;;;;;;;;;;
3G;Nokia 302;1041;45900;9900;ND;ND;ND;ND;;;;;;;;;;;;;
3G;Nokia 302 Blanco;1108;45900;9900;ND;ND;ND;ND;;;;;;;;;;;;;
3G;Nokia 5230;769;430900;394900;394900;394900;394900;425900;;;;;;;;;;;;;
3G;Nokia C2-01;922;155900;119900;122900;126900;133900;ND;;;;;;;;;;;;;
3G;Nokia C2-01 Plateado;1107;155900;119900;122900;126900;133900;ND;;;;;;;;;;;;;
3G;Nokia C5-03 ;918;475900;439900;439900;439900;439900;474900;;;;;;;;;;;;;
3G;Nokia E5-00;842;452900;416900;416900;416900;416900;449900;;;;;;;;;;;;;
3G;Nokia E5-00 Negro;975;452900;416900;416900;416900;416900;449900;;;;;;;;;;;;;
3G;Nokia E72;730;839900;803900;803900;803900;803900;811900;;;;;;;;;;;;;
3G;Nokia Lumia 510;1088;71900;35900;ND;ND;ND;ND;;;;;;;;;;;;;
3G;Nokia Lumia 520;1130;71900;35900;ND;ND;ND;ND;;;;;;;;;;;;;
3G;Nokia Lumia 520 Amarillo;1131;71900;35900;ND;ND;ND;ND;;;;;;;;;;;;;
3G;Nokia Lumia 520 Amarillo Camiseta Selección Colombia;1326;71900;35900;ND;ND;ND;ND;;;;;;;;;;;;;
3G;Nokia Lumia 520 Camiseta Selección Colombia;1325;71900;35900;ND;ND;ND;ND;;;;;;;;;;;;;
3G;Nokia Lumia 535;1510;165900;129900;133900;137900;145488;ND;;;;;;;;;;;;;
3G;Nokia Lumia 610;1060;108900;72900;72900;72900;ND;ND;;;;;;;;;;;;;
3G;Nokia Lumia 720;1167;361900;325900;341900;341900;341900;344900;;;;;;;;;;;;;
3G;Nokia Lumia 800;1036;549900;513900;539900;539900;539900;544900;;;;;;;;;;;;;
3G;Nokia Lumia 900 Action;1061;558900;522900;548900;548900;548900;553900;;;;;;;;;;;;;
3G;Nokia Lumia710;1035;355900;319900;335900;335900;335900;338900;;;;;;;;;;;;;
3G;Nokia N8;840;1117900;1081900;1081900;1081900;1081900;1081900;;;;;;;;;;;;;
3G;Nokia X3-02;881;378900;342900;342900;342900;342900;369900;;;;;;;;;;;;;
3G;Planta 2N Easy Gate Pro;1351;ND;576900;576900;576900;576900;622900;;;;;;;;;;;;;
3G;Planta Interconexion PBX 2N;70;ND;352900;352900;352900;352900;380900;;;;;;;;;;;;;
3G;Samsung  Galaxy Ace 4 Neo DS;1584;135900;97900;100900;103900;ND;ND;;;;;;;;;;;;;
3G;Samsung  Galaxy Ace 4 Neo DS Blanco;1585;135900;97900;100900;103900;ND;ND;;;;;;;;;;;;;
3G;Samsung CH@T 527 -S5270;1084;45900;9900;ND;ND;ND;ND;;;;;;;;;;;;;
3G;Samsung Erica E3300L;1083;71900;35900;ND;ND;ND;ND;;;;;;;;;;;;;
3G;Samsung Galaxy Ace 2 Azul;1126;91900;55900;57900;58900;ND;ND;;;;;;;;;;;;;
3G;Samsung Galaxy Ace 2 Azul Camiseta Selección Colombia;1324;91900;55900;57900;58900;ND;ND;;;;;;;;;;;;;
3G;Samsung Galaxy Ace 2 Blanco;1127;91900;55900;57900;58900;ND;ND;;;;;;;;;;;;;
3G;Samsung Galaxy Ace 2 Blanco Camiseta Selección Colombia;1328;91900;55900;57900;58900;ND;ND;;;;;;;;;;;;;
3G;Samsung Galaxy Ace 4 Lite DS;1461;241900;205900;211900;217900;230900;ND;;;;;;;;;;;;;
3G;Samsung Galaxy Ace 4 Lite DS Blanco;1462;241900;205900;211900;217900;230900;ND;;;;;;;;;;;;;
3G;Samsung Galaxy Ace S5830;921;95900;59900;90900;90900;ND;ND;;;;;;;;;;;;;
3G;Samsung Galaxy Chat B5330;1090;350900;314900;314900;314900;314900;339900;;;;;;;;;;;;;
3G;Samsung Galaxy J1 Mini;1695;347900;311900;318900;318900;318900;318900;;;;;;;;;;;;;
3G;Samsung Galaxy J1 Mini Blanco;1696;347900;311900;318900;318900;318900;318900;;;;;;;;;;;;;
3G;Samsung Galaxy Music;1117;410900;374900;374900;374900;374900;404900;;;;;;;;;;;;;
3G;Samsung Galaxy Nexus GT-I9250;1037;1092900;1056900;1056900;1056900;1056900;1184900;;;;;;;;;;;;;
3G;Samsung Galaxy S III;1063;295900;259900;906900;906900;906900;ND;;;;;;;;;;;;;
3G;Samsung Galaxy S III Blanco;1065;295900;259900;906900;906900;906900;ND;;;;;;;;;;;;;
3G;Samsung Galaxy S III Mini Azul;1115;333900;293900;302900;311900;328900;ND;;;;;;;;;;;;;
3G;Samsung Galaxy S III Mini Blanco;1116;333900;293900;302900;311900;328900;ND;;;;;;;;;;;;;
3G;Samsung Galaxy S III Negro;1101;295900;259900;906900;906900;906900;ND;;;;;;;;;;;;;
3G;Samsung Galaxy S4 Blanco;1145;645900;609900;918900;918900;918900;1024900;;;;;;;;;;;;;
3G;Samsung Galaxy S4 Negro;1144;645900;609900;918900;918900;918900;1024900;;;;;;;;;;;;;
3G;Samsung Galaxy S4 Zoom;1216;954900;918900;918900;918900;918900;1004900;;;;;;;;;;;;;
3G;Samsung Galaxy Trend Lite;1340;71900;35900;ND;ND;ND;ND;;;;;;;;;;;;;
3G;Samsung Galaxy Trend Lite Blanco;1341;71900;35900;ND;ND;ND;ND;;;;;;;;;;;;;
3G;Samsung Galaxy Y;976;71900;35900;ND;ND;ND;ND;;;;;;;;;;;;;
3G;Samsung Galaxy Young Azul;1123;71900;35900;ND;ND;ND;ND;;;;;;;;;;;;;
3G;Samsung Galaxy Young Blanco;1124;71900;35900;ND;ND;ND;ND;;;;;;;;;;;;;
3G;Samsung GT-B5510 Galaxy Y Pro;998;300900;264900;264900;264900;264900;ND;;;;;;;;;;;;;
3G;Samsung GT-I9100 Galaxy S II;933;195900;159900;164900;168900;178900;ND;;;;;;;;;;;;;
3G;Samsung GT-I9220  Galaxy Note;1038;1188900;1152900;1152900;1152900;1152900;1152900;;;;;;;;;;;;;
3G;Samsung Omnia W;999;640900;604900;604900;604900;604900;675900;;;;;;;;;;;;;
3G;Sony  Xperia U;1064;509900;473900;473900;473900;473900;511900;;;;;;;;;;;;;
3G;Sony Ericcson Arc Sayame LT18A;1034;1121900;1085900;1085900;1085900;1085900;1172900;;;;;;;;;;;;;
3G;Sony Ericcson X10 Mini;814;741900;705900;705900;705900;705900;712900;;;;;;;;;;;;;
3G;Sony Ericcson Xperia  Play;1008;1099900;1063900;1063900;1063900;1063900;1148900;;;;;;;;;;;;;
3G;Sony Ericsson X10;773;1437900;1401900;1401900;1401900;1401900;1513900;;;;;;;;;;;;;
3G;Sony Xperia E;1140;71900;35900;ND;ND;ND;ND;;;;;;;;;;;;;
3G;Sony Xperia E1;1342;184900;148900;150900;150900;150900;ND;;;;;;;;;;;;;
3G;Sony Xperia E1 Blanco;1343;184900;148900;150900;150900;150900;ND;;;;;;;;;;;;;
3G;Sony Xperia M;1190;91900;55900;57900;58900;ND;ND;;;;;;;;;;;;;
3G;Sony Xperia M Blanco;1209;91900;55900;57900;58900;ND;ND;;;;;;;;;;;;;
3G;Sony Xperia M Blanco Camiseta Selección Colombia;1321;91900;55900;57900;58900;ND;ND;;;;;;;;;;;;;
3G;Sony Xperia Tipo;1078;285900;249900;249900;249900;249900;ND;;;;;;;;;;;;;
3G;Sony Xperia ZL;1142;1176900;1140900;1140900;1140900;1140900;1231900;;;;;;;;;;;;;
3G;Yezz Andy 5.0 E;1571;288900;169900;174900;179900;189900;ND;;;;;;;;;;;;;
3G;Yezz Andy 5.0 E;1579;288900;169900;174900;179900;189900;ND;;;;;;;;;;;;;
3G;Yezz Andy 5.0 E Blanco;1578;288900;169900;174900;179900;189900;ND;;;;;;;;;;;;;
3G;Zte Open;1141;75900;39900;ND;ND;ND;ND;;;;;;;;;;;;;
3G;Zte Open 2;1331;45900;9900;ND;ND;ND;ND;;;;;;;;;;;;;
3G;Zte Open 2 Blanco;1332;45900;9900;ND;ND;ND;ND;;;;;;;;;;;;;
3G;Zte Open Azul;1226;75900;39900;ND;ND;ND;ND;;;;;;;;;;;;;
4G;Alcatel Idol Mini 2 LTE;1507;356900;320900;330900;339900;356900;384900;;;;;;;;;;;;;
4G;"Alcatel Pixi 3 4,5"" LTE";1615;249900;209900;215900;221900;234900;ND;;;;;;;;;;;;;
4G;"Alcatel Pixi 3 4,5"" LTE Blanco";1616;249900;209900;215900;221900;234900;ND;;;;;;;;;;;;;
4G;Alcatel Pop  S3 LTE;1420;281900;245900;275900;275900;275900;ND;;;;;;;;;;;;;
4G;Alcatel Pop  S3 LTE Blanco;1421;281900;245900;275900;275900;275900;ND;;;;;;;;;;;;;
4G;"Alcatel Pop 2 - 4.5"" LTE ";1455;235900;199900;205900;211900;223900;ND;;;;;;;;;;;;;
4G;"Alcatel Pop 2 - 4.5"" LTE Blanco";1456;235900;199900;205900;211900;223900;ND;;;;;;;;;;;;;
4G;"Alcatel Pop 3 5.5"" LTE";1707;469900;433900;446900;446900;446900;446900;;;;;;;;;;;;;
4G;"Alcatel Pop 3 5.5"" LTE Blanco";1708;469900;433900;446900;446900;446900;446900;;;;;;;;;;;;;
4G;"Alcatel Pop 3 5.5"" LTE Blanco Camiseta";1751;ND;433900;446900;446900;446900;446900;;;;;;;;;;;;;
4G;"Alcatel Pop 3 5.5"" LTE Camiseta";1750;ND;433900;446900;446900;446900;446900;;;;;;;;;;;;;
4G;Andy 5E LTE;1627;319900;279900;287900;296900;312900;ND;;;;;;;;;;;;;
4G;Andy 5E LTE Blanco;1628;319900;279900;287900;296900;312900;ND;;;;;;;;;;;;;
4G;BlackBerry Q10 Blanco LTE;1172;682900;646900;665900;685900;724900;801900;;;;;;;;;;;;;
4G;BlackBerry Q10 LTE;1171;682900;646900;665900;685900;724900;801900;;;;;;;;;;;;;
4G;BlackBerry Q5 LTE;1170;505900;469900;526900;526900;526900;526900;;;;;;;;;;;;;
4G;BlackBerry Z10 LTE;1213;365900;329900;329900;329900;329900;355900;;;;;;;;;;;;;
4G;BlackBerry Z10 LTE Blanco;1214;365900;329900;329900;329900;329900;355900;;;;;;;;;;;;;
4G;Huawei Ascend P7 Blanco LTE;1445;705900;669900;689900;709900;749900;830900;;;;;;;;;;;;;
4G;Huawei Ascend P7 LTE;1428;705900;669900;689900;709900;749900;830900;;;;;;;;;;;;;
4G;Huawei Eco Blanco LTE;1753;258900;219900;225900;232900;245900;ND;;;;;;;;;;;;;
4G;Huawei Eco LTE;1752;258900;219900;225900;232900;245900;ND;;;;;;;;;;;;;
4G;Huawei G 620 S LTE;1508;335900;299900;502900;502900;502900;502900;;;;;;;;;;;;;
4G;Huawei G 620 S LTE Blanco;1603;335900;299900;502900;502900;502900;502900;;;;;;;;;;;;;
4G;Huawei G Play DS LTE;1621;601900;549900;565900;582900;666900;681900;;;;;;;;;;;;;
4G;Huawei G Play DS LTE Blanco;1622;601900;549900;565900;582900;666900;681900;;;;;;;;;;;;;
4G;Huawei G Play DS LTE Blanco Camiseta;1740;ND;549900;565900;582900;666900;681900;;;;;;;;;;;;;
4G;Huawei G Play DS LTE Camiseta;1739;ND;549900;565900;582900;666900;681900;;;;;;;;;;;;;
4G;Huawei G526 LTE;1385;413900;377900;377900;377900;377900;381900;;;;;;;;;;;;;
4G;Huawei G526 LTE Blanco;1386;413900;377900;377900;377900;377900;381900;;;;;;;;;;;;;
4G;Huawei G526 LTE Camiseta Selección Colombia;1250;413900;377900;377900;377900;377900;381900;;;;;;;;;;;;;
4G;Huawei G7 LTE ;1574;635900;599900;614900;614900;614900;614900;;;;;;;;;;;;;
4G;Huawei G7 LTE  Blanco;1575;635900;599900;614900;614900;614900;614900;;;;;;;;;;;;;
4G;Huawei G8 LTE;1691;1213900;1162900;1197900;1232900;1301900;1422900;;;;;;;;;;;;;
4G;Huawei G8 LTE Champagne;1692;1213900;1162900;1197900;1232900;1301900;1422900;;;;;;;;;;;;;
4G;Huawei Mate 7 LTE;1487;1415900;1379900;1420900;1505900;1622900;1622900;;;;;;;;;;;;;
4G;Huawei Mate 7 LTE Blanco;1488;1415900;1379900;1420900;1505900;1622900;1622900;;;;;;;;;;;;;
4G;Huawei Mate 8 LTE ;1709;1853900;1797900;1851900;1905900;2013900;2228900;;;;;;;;;;;;;
4G;Huawei Mate 8 LTE Champagne;1710;1853900;1797900;1851900;1905900;2013900;2228900;;;;;;;;;;;;;
4G;Huawei Mate S LTE ;1674;1564900;1511900;1556900;1602900;1692900;1874900;;;;;;;;;;;;;
4G;Huawei Mate S LTE Champagne;1675;1564900;1511900;1556900;1602900;1692900;1874900;;;;;;;;;;;;;
4G;Huawei P8 Lite LTE;1687;756900;712900;733900;743900;743900;743900;;;;;;;;;;;;;
4G;Huawei P8 Lite LTE Blanco;1688;756900;712900;733900;743900;743900;743900;;;;;;;;;;;;;
4G;Huawei P8 Lite LTE Blanco Camiseta;1747;ND;712900;733900;743900;743900;743900;;;;;;;;;;;;;
4G;Huawei P8 Lite LTE Camiseta;1746;ND;712900;733900;743900;743900;743900;;;;;;;;;;;;;
4G;Huawei P8 LTE;1593;1096900;1060900;1097900;1135900;1210900;1359900;;;;;;;;;;;;;
4G;Huawei P8 LTE Champange;1594;1096900;1060900;1097900;1135900;1210900;1359900;;;;;;;;;;;;;
4G;Huawei Y5 DS LTE;1619;391900;355900;366900;376900;397900;403900;;;;;;;;;;;;;
4G;Huawei Y5 DS LTE Blanco;1620;391900;355900;366900;376900;397900;403900;;;;;;;;;;;;;
4G;Huawei Y5 II Blanco LTE;1755;395900;359900;370900;380900;402900;445900;;;;;;;;;;;;;
4G;Huawei Y5 II LTE;1754;395900;359900;370900;380900;402900;445900;;;;;;;;;;;;;
4G;Huawei Y550 LTE;1463;365900;329900;339900;349900;368900;368900;;;;;;;;;;;;;
4G;Huawei Y550 LTE Blanco;1464;365900;329900;339900;349900;368900;368900;;;;;;;;;;;;;
4G;Huawei Y550 LTE Blanco Camiseta;1550;365900;329900;339900;349900;368900;368900;;;;;;;;;;;;;
4G;Huawei Y550 LTE Camiseta;1549;365900;329900;339900;349900;368900;368900;;;;;;;;;;;;;
4G;Huawei Y635 LTE;1586;420900;379900;390900;402900;424900;445900;;;;;;;;;;;;;
4G;Huawei Y635 LTE Blanco;1587;420900;379900;390900;402900;424900;445900;;;;;;;;;;;;;
4G;Huawei Y635 LTE Blanco Campaña Navidad;1681;420900;379900;390900;402900;424900;445900;;;;;;;;;;;;;
4G;Huawei Y635 LTE Campaña Navidad;1680;420900;379900;390900;402900;424900;445900;;;;;;;;;;;;;
4G;Iphone 5 LTE 16GB Blanco;1095;1272900;1236900;1236900;1236900;1236900;1421900;;;;;;;;;;;;;
4G;Iphone 5 LTE 16GB Negro;1094;1272900;1236900;1236900;1236900;1236900;1421900;;;;;;;;;;;;;
4G;Iphone 5C LTE 16GB Amarillo;1271;1270900;1234900;1234900;1234900;1234900;1419900;;;;;;;;;;;;;
4G;Iphone 5C LTE 16GB Azul;1272;1270900;1234900;1234900;1234900;1234900;1419900;;;;;;;;;;;;;
4G;Iphone 5C LTE 16GB Plata;1270;1270900;1234900;1234900;1234900;1234900;1419900;;;;;;;;;;;;;
4G;Iphone 5C LTE 16GB Rosado;1273;1270900;1234900;1234900;1234900;1234900;1419900;;;;;;;;;;;;;
4G;Iphone 5C LTE 16GB Verde;1274;1270900;1234900;1234900;1234900;1234900;1419900;;;;;;;;;;;;;
4G;Iphone 5C LTE 32GB Amarillo;1276;1595900;1559900;1704900;1704900;1704900;1721900;;;;;;;;;;;;;
4G;Iphone 5C LTE 32GB Azul;1277;1595900;1559900;1704900;1704900;1704900;1721900;;;;;;;;;;;;;
4G;Iphone 5C LTE 32GB Plata;1275;1595900;1559900;1704900;1704900;1704900;1721900;;;;;;;;;;;;;
4G;Iphone 5C LTE 32GB Rosado;1278;1595900;1559900;1704900;1704900;1704900;1721900;;;;;;;;;;;;;
4G;Iphone 5C LTE 32GB Verde;1279;1595900;1559900;1704900;1704900;1704900;1721900;;;;;;;;;;;;;
4G;Iphone 5S LTE 16GB Gris Espacial;1261;1097900;1061900;1088900;1088900;1088900;1088900;;;;;;;;;;;;;
4G;Iphone 5S LTE 16GB Oro;1263;1097900;1061900;1088900;1088900;1088900;1088900;;;;;;;;;;;;;
4G;Iphone 5S LTE 16GB Plata;1262;1097900;1061900;1088900;1088900;1088900;1088900;;;;;;;;;;;;;
4G;Iphone 5S LTE 32GB Gris Espacial;1264;1797900;1761900;2042900;2042900;2042900;2062900;;;;;;;;;;;;;
4G;Iphone 5S LTE 32GB Oro;1266;1797900;1761900;2042900;2042900;2042900;2062900;;;;;;;;;;;;;
4G;Iphone 5S LTE 32GB Plata;1265;1797900;1761900;2042900;2042900;2042900;2062900;;;;;;;;;;;;;
4G;Iphone 5S LTE 64 GB  Gris Espacial;1267;2035900;1999900;1999900;1999900;1999900;2299900;;;;;;;;;;;;;
4G;Iphone 6 128GB Gris Espacial;1495;2548900;2512900;2638900;2638900;2638900;2664900;;;;;;;;;;;;;
4G;Iphone 6 128GB Oro;1497;2548900;2512900;2638900;2638900;2638900;2664900;;;;;;;;;;;;;
4G;Iphone 6 128GB Plata;1496;2548900;2512900;2638900;2638900;2638900;2664900;;;;;;;;;;;;;
4G;Iphone 6 16GB Gris Espacial;1489;2010900;1974900;2171900;2171900;2171900;2214900;;;;;;;;;;;;;
4G;Iphone 6 16GB Gris Espacial Oro;1491;2010900;1974900;2171900;2171900;2171900;2214900;;;;;;;;;;;;;
4G;Iphone 6 16GB Gris Espacial Plata;1490;2010900;1974900;2171900;2171900;2171900;2214900;;;;;;;;;;;;;
4G;Iphone 6 64GB Gris Espacial;1492;2395900;2359900;2448900;2448900;2448900;2448900;;;;;;;;;;;;;
4G;Iphone 6 64GB Oro;1494;2395900;2359900;2448900;2448900;2448900;2448900;;;;;;;;;;;;;
4G;Iphone 6 64GB Plata;1493;2395900;2359900;2448900;2448900;2448900;2448900;;;;;;;;;;;;;
4G;Iphone 6 Plus 128GB Gris Espacial;1504;2862900;2826900;3165900;3165900;3165900;3419900;;;;;;;;;;;;;
4G;Iphone 6 Plus 128GB Oro;1506;2862900;2826900;3165900;3165900;3165900;3419900;;;;;;;;;;;;;
4G;Iphone 6 Plus 128GB Plata;1505;2862900;2826900;3165900;3165900;3165900;3419900;;;;;;;;;;;;;
4G;Iphone 6 Plus 16GB Gris Espacial;1498;2395900;2359900;2448900;2448900;2448900;2448900;;;;;;;;;;;;;
4G;Iphone 6 Plus 16GB Oro;1500;2395900;2359900;2448900;2448900;2448900;2448900;;;;;;;;;;;;;
4G;Iphone 6 Plus 16GB Plata;1499;2395900;2359900;2448900;2448900;2448900;2448900;;;;;;;;;;;;;
4G;Iphone 6 Plus 64GB Gris Espacial;1501;2644900;2608900;2608900;2608900;2608900;2608900;;;;;;;;;;;;;
4G;Iphone 6 Plus 64GB Oro;1503;2644900;2608900;2608900;2608900;2608900;2608900;;;;;;;;;;;;;
4G;Iphone 6 Plus 64GB Plata;1502;2644900;2608900;2608900;2608900;2608900;2608900;;;;;;;;;;;;;
4G;Iphone 6S 128 GB LTE Dorado;1654;3351900;3315900;3315900;3315900;3315900;3315900;;;;;;;;;;;;;
4G;Iphone 6S 128 GB LTE Gris Espacial;1652;3351900;3315900;3315900;3315900;3315900;3315900;;;;;;;;;;;;;
4G;Iphone 6S 128 GB LTE Plata;1653;3351900;3315900;3315900;3315900;3315900;3315900;;;;;;;;;;;;;
4G;Iphone 6S 128 GB LTE Rosado;1655;3351900;3315900;3315900;3315900;3315900;3315900;;;;;;;;;;;;;
4G;Iphone 6S 16GB LTE Gris Espacial;1644;2464900;2428900;2428900;2428900;2428900;2428900;;;;;;;;;;;;;
4G;Iphone 6S 16GB LTE Oro;1646;2464900;2428900;2428900;2428900;2428900;2428900;;;;;;;;;;;;;
4G;Iphone 6S 16GB LTE Plata;1645;2464900;2428900;2428900;2428900;2428900;2428900;;;;;;;;;;;;;
4G;Iphone 6S 16GB LTE Rosado;1647;2464900;2428900;2428900;2428900;2428900;2428900;;;;;;;;;;;;;
4G;Iphone 6S 64GB LTE Gris Espacial;1648;2925900;2889900;2889900;2889900;2889900;2889900;;;;;;;;;;;;;
4G;Iphone 6S 64GB LTE Oro;1650;2925900;2889900;2889900;2889900;2889900;2889900;;;;;;;;;;;;;
4G;Iphone 6S 64GB LTE Plata;1649;2925900;2889900;2889900;2889900;2889900;2889900;;;;;;;;;;;;;
4G;Iphone 6S 64GB LTE Rosado;1651;2925900;2889900;2889900;2889900;2889900;2889900;;;;;;;;;;;;;
4G;Iphone 6S Plus 128GB LTE Dorado;1666;3778900;3742900;3742900;3742900;3742900;3742900;;;;;;;;;;;;;
4G;Iphone 6S Plus 128GB LTE Gris Espacial;1664;3778900;3742900;3742900;3742900;3742900;3742900;;;;;;;;;;;;;
4G;Iphone 6S Plus 128GB LTE Plata;1665;3778900;3742900;3742900;3742900;3742900;3742900;;;;;;;;;;;;;
4G;Iphone 6S Plus 128GB LTE Rosado;1667;3778900;3742900;3742900;3742900;3742900;3742900;;;;;;;;;;;;;
4G;Iphone 6S Plus 16GB LTE Gris Espacial;1656;2925900;2889900;2889900;2889900;2889900;2889900;;;;;;;;;;;;;
4G;Iphone 6S Plus 16GB LTE Oro;1658;2925900;2889900;2889900;2889900;2889900;2889900;;;;;;;;;;;;;
4G;Iphone 6S Plus 16GB LTE Plata;1657;2925900;2889900;2889900;2889900;2889900;2889900;;;;;;;;;;;;;
4G;Iphone 6S Plus 16GB LTE Rosado;1659;2925900;2889900;2889900;2889900;2889900;2889900;;;;;;;;;;;;;
4G;Iphone 6S Plus 64GB LTE Gris Espacial;1660;3351900;3315900;3315900;3315900;3315900;3315900;;;;;;;;;;;;;
4G;Iphone 6S Plus 64GB LTE Oro;1662;3351900;3315900;3315900;3315900;3315900;3315900;;;;;;;;;;;;;
4G;Iphone 6S Plus 64GB LTE Plata;1661;3351900;3315900;3315900;3315900;3315900;3315900;;;;;;;;;;;;;
4G;Iphone 6S Plus 64GB LTE Rosado;1663;3351900;3315900;3315900;3315900;3315900;3315900;;;;;;;;;;;;;
4G;Iphone SE Gris Espacial 16 GB;1782;1633900;1597900;1645900;1693900;1789900;1804900;;;;;;;;;;;;;
4G;Iphone SE Oro 16 GB;1786;1633900;1597900;1645900;1693900;1789900;1804900;;;;;;;;;;;;;
4G;Iphone SE Plata 16 GB;1783;1633900;1597900;1645900;1693900;1789900;1804900;;;;;;;;;;;;;
4G;Iphone SE Rosado 16 GB;1787;1633900;1597900;1645900;1693900;1789900;1804900;;;;;;;;;;;;;
4G;Lenovo Angus LTE A2010;1642;368900;249900;256900;264900;279900;ND;;;;;;;;;;;;;
4G;Lenovo Vibe K5 LTE ;1715;634900;598900;616900;634900;671900;754900;;;;;;;;;;;;;
4G;Lenovo Vibe K5 LTE Blanco;1716;634900;598900;616900;634900;671900;754900;;;;;;;;;;;;;
4G;LG C70 LTE;1537;454900;418900;430900;430900;430900;430900;;;;;;;;;;;;;
4G;LG G2 LTE;1253;745900;709900;989900;989900;989900;1079900;;;;;;;;;;;;;
4G;LG G3 Beat LTE;1509;455900;419900;431900;444900;469900;520900;;;;;;;;;;;;;
4G;LG G3 LTE;1430;593900;557900;574900;590900;624900;691900;;;;;;;;;;;;;
4G;LG G3 LTE Blanco;1447;593900;557900;574900;590900;624900;691900;;;;;;;;;;;;;
4G;LG G4 Beat LTE;1597;679900;643900;663900;663900;663900;663900;;;;;;;;;;;;;
4G;LG G4 LTE;1595;1135900;1078900;1110900;1143900;1207900;1337900;;;;;;;;;;;;;
4G;LG G5 Blanco LTE;1793;2098900;2040900;2101900;2162900;2285900;2530900;;;;;;;;;;;;;
4G;LG G5 LTE;1792;2098900;2040900;2101900;2162900;2285900;2530900;;;;;;;;;;;;;
4G;LG K8 Blanco LTE;1757;546900;510900;522900;522900;522900;522900;;;;;;;;;;;;;
4G;LG K8 LTE;1756;546900;510900;522900;522900;522900;522900;;;;;;;;;;;;;
4G;LG XCAM Blanco LTE;1775;1082900;1046900;1077900;1109900;1172900;1297900;;;;;;;;;;;;;
4G;LG XCAM LTE;1774;1082900;1046900;1077900;1109900;1172900;1297900;;;;;;;;;;;;;
4G;Lumia 640 DS LTE;1555;224900;188900;194900;199900;211900;ND;;;;;;;;;;;;;
4G;Lumia 640 XL DS LTE;1556;224900;188900;194900;199900;211900;ND;;;;;;;;;;;;;
4G;Lumia 830 LTE Camiseta;1553;530900;494900;519900;519900;519900;524900;;;;;;;;;;;;;
4G;Modem Mifi Huawei E5377;1484;330900;294900;329900;329900;329900;ND;;;;;;;;;;;;;
4G;Modem Mifi Huawei E5776 LTE;1282;330900;294900;329900;329900;329900;ND;;;;;;;;;;;;;
4G;Modem Mifi ZTE MF90 LTE;1283;330900;294900;329900;329900;329900;ND;;;;;;;;;;;;;
4G;Modem Mifi ZTE MF910 LTE;1530;330900;294900;329900;329900;329900;ND;;;;;;;;;;;;;
4G;Modem Router ZTE MF253 LTE;1285;ND;188930;194900;199900;211900;ND;;;;;;;;;;;;;
4G;Moto G 3 Generación LTE;1588;625900;506900;521900;536900;567900;628900;;;;;;;;;;;;;
4G;Moto G 3 Generación LTE Camiseta;1743;ND;506900;521900;536900;567900;628900;;;;;;;;;;;;;
4G;Moto G 3 Generación LTE Campaña Navidad;1684;625900;506900;521900;536900;567900;628900;;;;;;;;;;;;;
4G;Moto G 3 Generación Turbo LTE;1668;732900;688900;709900;729900;780900;863900;;;;;;;;;;;;;
4G;Moto G 4A Generación Blanco LTE;1765;921900;875900;901900;927900;980900;1085900;;;;;;;;;;;;;
4G;Moto G 4A Generación LTE;1764;921900;875900;901900;927900;980900;1085900;;;;;;;;;;;;;
4G;Moto G 4A Generación Plus Blanco LTE;1767;1118900;1069900;1101900;1133900;1197900;1326900;;;;;;;;;;;;;
4G;Moto G 4A Generación Plus LTE;1766;1118900;1069900;1101900;1133900;1197900;1326900;;;;;;;;;;;;;
4G;Moto G LTE;1426;435900;399900;411900;423900;445900;449900;;;;;;;;;;;;;
4G;Moto X Play LTE;1592;1200900;1164900;1199900;1234900;1304900;1443900;;;;;;;;;;;;;
4G;Motorola X LTE;1208;834900;798900;904900;904900;904900;904900;;;;;;;;;;;;;
4G;Nokia Lumia 1320 LTE;1368;252900;216900;222900;229900;242900;ND;;;;;;;;;;;;;
4G;Nokia Lumia 625 LTE;1292;89900;53900;53900;53900;ND;ND;;;;;;;;;;;;;
4G;Nokia Lumia 625 LTE Blanco;1304;89900;53900;53900;53900;ND;ND;;;;;;;;;;;;;
4G;Nokia Lumia 625 LTE Verde;1305;89900;53900;53900;53900;ND;ND;;;;;;;;;;;;;
4G;Nokia Lumia 635 LTE;1334;135900;99900;104900;104900;104900;ND;;;;;;;;;;;;;
4G;Nokia Lumia 830 LTE;1511;530900;494900;519900;519900;519900;524900;;;;;;;;;;;;;
4G;Nokia Lumia 920 LTE;1128;230900;194900;204900;204900;204900;ND;;;;;;;;;;;;;
4G;Nokia Lumia 925 LTE;1168;533900;497900;522900;522900;522900;527900;;;;;;;;;;;;;
4G;Nokia Lumia 925 LTE Blanco;1306;533900;497900;522900;522900;522900;527900;;;;;;;;;;;;;
4G;Nuevo Moto E LTE;1538;402900;366900;377900;388900;410900;446900;;;;;;;;;;;;;
4G;Nuevo Moto X LTE;1481;975900;939900;1052900;1052900;1052900;1136900;;;;;;;;;;;;;
4G;Nuevo Moto X Madera Nogal LTE;1482;1035900;999900;1120900;1120900;1120900;1210900;;;;;;;;;;;;;
4G;Samsung  S7 Edge LTE ;1721;2732900;2690950;2749900;2829900;2903900;2903900;;;;;;;;;;;;;
4G;Samsung  S7 Edge LTE Blanco;1722;2732900;2690950;2749900;2829900;2903900;2903900;;;;;;;;;;;;;
4G;Samsung  S7 Edge LTE Dorado;1738;2732900;2690950;2749900;2829900;2903900;2903900;;;;;;;;;;;;;
4G;Samsung  S7 Edge LTE Plata;1737;2732900;2690950;2749900;2829900;2903900;2903900;;;;;;;;;;;;;
4G;Samsung  S7 LTE ;1719;2421900;2361950;2432900;2503900;2596900;2596900;;;;;;;;;;;;;
4G;Samsung  S7 LTE Blanco;1720;2421900;2361950;2432900;2503900;2596900;2596900;;;;;;;;;;;;;
4G;Samsung  S7 LTE Dorado;1736;2421900;2361950;2432900;2503900;2596900;2596900;;;;;;;;;;;;;
4G;Samsung  S7 LTE Plata;1735;2421900;2361950;2432900;2503900;2596900;2596900;;;;;;;;;;;;;
4G;Samsung Core Prime LTE Blanco Camiseta;1552;330900;294900;303900;312900;329900;ND;;;;;;;;;;;;;
4G;Samsung Core Prime LTE Camiseta;1551;330900;294900;303900;312900;329900;ND;;;;;;;;;;;;;
4G;Samsung Galaxy  Note 5 LTE;1640;2504900;2444900;2517900;2591900;2737900;2977900;;;;;;;;;;;;;
4G;Samsung Galaxy  Note 5 LTE Plateada;1641;2504900;2444900;2517900;2591900;2737900;2977900;;;;;;;;;;;;;
4G;Samsung Galaxy  S6 Edge Plus Dorado;1583;2467900;2407900;2479900;2551900;2723900;3015900;;;;;;;;;;;;;
4G;Samsung Galaxy  S6 Edge Plus Negro;1582;2467900;2407900;2479900;2551900;2723900;3015900;;;;;;;;;;;;;
4G;Samsung Galaxy A3 2016 LTE ;1701;973900;937900;966900;966900;966900;966900;;;;;;;;;;;;;
4G;Samsung Galaxy A3 2016 LTE Dorado;1702;973900;937900;966900;966900;966900;966900;;;;;;;;;;;;;
4G;Samsung Galaxy A3 LTE;1514;595900;559900;559900;559900;559900;559900;;;;;;;;;;;;;
4G;Samsung Galaxy A3 LTE Blanco;1515;595900;559900;559900;559900;559900;559900;;;;;;;;;;;;;
4G;Samsung Galaxy A5 2016 LTE ;1703;1447900;1393900;1435900;1477900;1560900;1727900;;;;;;;;;;;;;
4G;Samsung Galaxy A5 2016 LTE Dorado;1704;1447900;1393900;1435900;1477900;1560900;1727900;;;;;;;;;;;;;
4G;Samsung Galaxy A5 LTE;1516;865900;829900;854900;879900;882900;882900;;;;;;;;;;;;;
4G;Samsung Galaxy A5 LTE Blanco;1517;865900;829900;854900;879900;882900;882900;;;;;;;;;;;;;
4G;Samsung Galaxy A7 2016 LTE ;1705;1383900;1347900;1387900;1428900;1611900;1611900;;;;;;;;;;;;;
4G;Samsung Galaxy A7 2016 LTE Dorado;1706;1383900;1347900;1387900;1428900;1611900;1611900;;;;;;;;;;;;;
4G;Samsung Galaxy Ace 3 Blanco LTE;1218;285900;249900;256900;264900;279900;ND;;;;;;;;;;;;;
4G;Samsung Galaxy Ace 3 LTE;1217;285900;249900;256900;264900;279900;ND;;;;;;;;;;;;;
4G;Samsung Galaxy Ace 4 LTE ;1424;297900;261900;269900;277900;292900;ND;;;;;;;;;;;;;
4G;Samsung Galaxy Ace 4 LTE Blanco;1425;297900;261900;269900;277900;292900;ND;;;;;;;;;;;;;
4G;Samsung Galaxy Alpha Blanco LTE;1434;750900;706900;727900;748900;791900;876900;;;;;;;;;;;;;
4G;Samsung Galaxy Alpha LTE;1433;750900;706900;727900;748900;791900;876900;;;;;;;;;;;;;
4G;Samsung Galaxy Core Prime LTE;1512;330900;294900;303900;312900;329900;ND;;;;;;;;;;;;;
4G;Samsung Galaxy Core Prime LTE Blanco;1513;330900;294900;303900;312900;329900;ND;;;;;;;;;;;;;
4G;Samsung Galaxy Grand Prime Blanco LTE;1523;426900;390900;402900;413900;419900;419900;;;;;;;;;;;;;
4G;Samsung Galaxy Grand Prime LTE;1518;426900;390900;402900;413900;419900;419900;;;;;;;;;;;;;
4G;Samsung Galaxy J1 Ace DS LTE;1617;423900;381900;392900;404900;427900;470900;;;;;;;;;;;;;
4G;Samsung Galaxy J1 Ace DS LTE Blanco;1618;423900;381900;392900;404900;427900;470900;;;;;;;;;;;;;
4G;Samsung Galaxy J2 Blanco;1624;531900;488900;503900;517900;547900;605900;;;;;;;;;;;;;
4G;Samsung Galaxy J2 LTE;1623;531900;488900;503900;517900;547900;605900;;;;;;;;;;;;;
4G;Samsung Galaxy J2 LTE Blanco Campaña Navidad;1677;531900;488900;503900;517900;547900;605900;;;;;;;;;;;;;
4G;Samsung Galaxy J2 LTE Campaña Navidad;1676;531900;488900;503900;517900;547900;605900;;;;;;;;;;;;;
4G;Samsung Galaxy J3 2016 LTE;1699;570900;514900;529900;545900;576900;637900;;;;;;;;;;;;;
4G;Samsung Galaxy J3 2016 LTE Blanco;1700;570900;514900;529900;545900;576900;637900;;;;;;;;;;;;;
4G;Samsung Galaxy J5 Blanco LTE;1609;806900;687900;708900;728900;769900;771500;;;;;;;;;;;;;
4G;Samsung Galaxy J5 Blanco LTE Bono BTS;1729;806900;687900;708900;728900;769900;771500;;;;;;;;;;;;;
4G;Samsung Galaxy J5 LTE;1608;806900;687900;708900;728900;769900;771500;;;;;;;;;;;;;
4G;Samsung Galaxy J5 LTE Blanco Camiseta;1742;ND;687900;708900;728900;769900;771500;;;;;;;;;;;;;
4G;Samsung Galaxy J5 LTE Blanco Campaña Navidad;1682;806900;687900;708900;728900;769900;771500;;;;;;;;;;;;;
4G;Samsung Galaxy J5 LTE Bono BTS;1730;806900;687900;708900;728900;769900;771500;;;;;;;;;;;;;
4G;Samsung Galaxy J5 LTE Camiseta;1741;ND;687900;708900;728900;769900;771500;;;;;;;;;;;;;
4G;Samsung Galaxy J5 LTE Campaña Navidad;1683;806900;687900;708900;728900;769900;771500;;;;;;;;;;;;;
4G;Samsung Galaxy J7 LTE;1625;914900;878900;904900;904900;904900;904900;;;;;;;;;;;;;
4G;Samsung Galaxy J7 LTE Blanco;1626;914900;878900;904900;904900;904900;904900;;;;;;;;;;;;;
4G;Samsung Galaxy J7 LTE Blanco Camiseta;1749;ND;878900;904900;904900;904900;904900;;;;;;;;;;;;;
4G;Samsung Galaxy J7 LTE Camiseta;1748;ND;878900;904900;904900;904900;904900;;;;;;;;;;;;;
4G;Samsung Galaxy Note 3 LTE;1245;885900;849900;1605900;1605900;1605900;1799900;;;;;;;;;;;;;
4G;Samsung Galaxy Note 3 Neo LTE Blanco;1436;835900;799900;894900;894900;894900;966900;;;;;;;;;;;;;
4G;Samsung Galaxy Note 4 LTE;1479;1985900;1949900;2007900;2066900;2155900;2176900;;;;;;;;;;;;;
4G;Samsung Galaxy S4 LTE;1219;535900;499900;999900;999900;999900;1099900;;;;;;;;;;;;;
4G;Samsung Galaxy S4 LTE Blanco;1220;535900;499900;999900;999900;999900;1099900;;;;;;;;;;;;;
4G;Samsung Galaxy S4 Mini LTE;1223;495900;459900;464900;464900;464900;464900;;;;;;;;;;;;;
4G;Samsung Galaxy S4 Mini LTE Blanco;1224;495900;459900;464900;464900;464900;464900;;;;;;;;;;;;;
4G;Samsung Galaxy S5 LTE;1353;860900;814900;838900;863900;912900;1009900;;;;;;;;;;;;;
4G;Samsung Galaxy S5 LTE Azul;1355;860900;814900;838900;863900;912900;1009900;;;;;;;;;;;;;
4G;Samsung Galaxy S5 LTE Blanco;1354;860900;814900;838900;863900;912900;1009900;;;;;;;;;;;;;
4G;Samsung Galaxy S5 Mini Blanco LTE;1446;983900;947900;1061900;1061900;1061900;1072900;;;;;;;;;;;;;
4G;Samsung Galaxy S5 Mini LTE;1429;983900;947900;1061900;1061900;1061900;1072900;;;;;;;;;;;;;
4G;Samsung Galaxy S6 Blanco LTE;1544;1957900;1902900;1959900;2016900;2130900;2359900;;;;;;;;;;;;;
4G;Samsung Galaxy S6 Dorado LTE;1545;1957900;1902900;1959900;2016900;2130900;2359900;;;;;;;;;;;;;
4G;Samsung Galaxy S6 Edge Blanco LTE;1547;2255900;2197900;2263900;2329900;2461900;2724900;;;;;;;;;;;;;
4G;Samsung Galaxy S6 Edge Dorado LTE;1548;2255900;2197900;2263900;2329900;2461900;2724900;;;;;;;;;;;;;
4G;Samsung Galaxy S6 Edge Negro LTE;1546;2255900;2197900;2263900;2329900;2461900;2724900;;;;;;;;;;;;;
4G;Samsung Galaxy S6 Negro LTE;1543;1957900;1902900;1959900;2016900;2130900;2359900;;;;;;;;;;;;;
4G;Sony T2 Ultra LTE;1519;735900;699900;783900;783900;783900;846900;;;;;;;;;;;;;
4G;Sony Xperia C5 Ultra LTE;1604;1021900;985900;1014900;1044900;1103900;1222900;;;;;;;;;;;;;
4G;Sony Xperia E3 LTE;1465;395900;359900;370900;380900;402900;445900;;;;;;;;;;;;;
4G;Sony Xperia E4;1577;455900;419900;435900;444900;469900;520900;;;;;;;;;;;;;
4G;Sony Xperia E4G Blanco LTE;1540;444900;408900;420900;432900;448900;448900;;;;;;;;;;;;;
4G;Sony Xperia E4G LTE;1539;444900;408900;420900;432900;448900;448900;;;;;;;;;;;;;
4G;Sony Xperia M2 Aqua LTE;1431;445900;409900;421900;433900;440900;440900;;;;;;;;;;;;;
4G;Sony Xperia M2 Aqua LTE Blanco;1432;445900;409900;421900;433900;440900;440900;;;;;;;;;;;;;
4G;Sony Xperia M2 LTE;1361;525900;489900;489900;489900;489900;489900;;;;;;;;;;;;;
4G;Sony Xperia M2 LTE Blanco;1362;525900;489900;489900;489900;489900;489900;;;;;;;;;;;;;
4G;Sony Xperia M4 Aqua Blanco LTE;1542;685900;649900;668900;688900;759900;829900;;;;;;;;;;;;;
4G;Sony Xperia M4 Aqua Blanco LTE Bono BTS;1731;685900;649900;668900;688900;759900;829900;;;;;;;;;;;;;
4G;Sony Xperia M4 Aqua LTE;1541;685900;649900;668900;688900;759900;829900;;;;;;;;;;;;;
4G;Sony Xperia M4 Aqua LTE Bono BTS;1732;685900;649900;668900;688900;759900;829900;;;;;;;;;;;;;
4G;Sony Xperia M4 Aqua LTE Campaña Navidad;1679;685900;649900;668900;688900;759900;829900;;;;;;;;;;;;;
4G;Sony Xperia M5 LTE;1630;1492900;1456900;1500900;1543900;1631900;1782900;;;;;;;;;;;;;
4G;Sony Xperia T3 LTE;1427;634900;598900;614900;614900;614900;614900;;;;;;;;;;;;;
4G;Sony Xperia Z1 LTE;1210;888900;852900;955900;955900;955900;955900;;;;;;;;;;;;;
4G;Sony Xperia Z1 LTE Blanco;1309;888900;852900;955900;955900;955900;955900;;;;;;;;;;;;;
4G;Sony Xperia Z2 LTE;1364;1115900;1079900;1484900;1484900;1484900;1579900;;;;;;;;;;;;;
4G;Sony Xperia Z2 LTE Blanco;1365;1115900;1079900;1484900;1484900;1484900;1579900;;;;;;;;;;;;;
4G;Sony Xperia Z3 LTE;1477;1289900;1253900;1291900;1328900;1403900;1554900;;;;;;;;;;;;;
4G;Sony Xperia Z3 LTE Blanco;1478;1289900;1253900;1291900;1328900;1403900;1554900;;;;;;;;;;;;;
4G;Sony Xperia Z5 LTE;1632;2161900;2125900;2189900;2252900;2380900;2635900;;;;;;;;;;;;;
4G;Xiaomi Remi 2 Pro LTE;1685;543900;424900;437900;449900;475900;526900;;;;;;;;;;;;;
4G;ZTE Blade Apex 2 LTE;1422;135900;99900;99900;99900;99900;ND;;;;;;;;;;;;;
4G;ZTE Blade Apex 2 LTE Blanco;1423;135900;99900;99900;99900;99900;ND;;;;;;;;;;;;;
4G;ZTE Blade G LTE;1254;135900;99900;99900;99900;99900;ND;;;;;;;;;;;;;
3G - H+;Alcatel OT Fire C;1399;45900;9900;ND;ND;ND;ND;;;;;;;;;;;;;
3G - H+;Alcatel OT Fire C Naranja;1400;45900;9900;ND;ND;ND;ND;;;;;;;;;;;;;
3G - H+;Alcatel Pop C3;1403;71900;35900;ND;ND;ND;ND;;;;;;;;;;;;;
3G - H+;Alcatel Pop C3 Blanco;1404;71900;35900;ND;ND;ND;ND;;;;;;;;;;;;;
3G - H+;Alcatel Pop C5;1409;217900;181900;186900;192900;203900;ND;;;;;;;;;;;;;
3G - H+;Alcatel Pop C5 Blanco;1410;217900;181900;186900;192900;203900;ND;;;;;;;;;;;;;
3G - H+;Huawei Ascend Y330 DS;1405;167900;131900;135900;139900;147900;ND;;;;;;;;;;;;;
3G - H+;Huawei Ascend Y330 DS Blanco;1406;167900;131900;135900;139900;147900;ND;;;;;;;;;;;;;
3G - H+;Iphone 4S 8GB Blanco;1449;685900;649900;769900;769900;769900;811900;;;;;;;;;;;;;
3G - H+;Iphone 4S 8GB Negro;1448;685900;649900;769900;769900;769900;811900;;;;;;;;;;;;;
3G - H+;Lumia 530;1411;145900;109900;112900;115900;123088;ND;;;;;;;;;;;;;
3G - H+;Samsung Galaxy Pocket DS;1414;135900;99900;102900;105900;111888;ND;;;;;;;;;;;;;
3G - H+;Samsung Galaxy Young 2;1346;71900;35900;ND;ND;ND;ND;;;;;;;;;;;;;
3G - H+;Samsung Galaxy Young 2 Blanco;1347;71900;35900;ND;ND;ND;ND;;;;;;;;;;;;;
3G - H+;ZTE Blade C2;1401;105900;69900;69900;69900;ND;ND;;;;;;;;;;;;;
3G - H+;ZTE Blade C2 Blanco;1402;105900;69900;69900;69900;ND;ND;;;;;;;;;;;;;
