COD_SCL;TECNOLOGIA;MODELO;PRECIO_PREPAGO;PRECIO_CONTADO;PRECIO_3_CUOTAS;PRECIO_6_CUOTAS;PRECIO_12_CUOTAS;PRECIO_24_CUOTAS
939;2G;Alcatel  OT-799A;2;150900;150900;150900;150900;ND
1195;2G;Alcatel 1011;76900;40900;ND;ND;ND;ND
1136;2G;Alcatel 1030;82900;46900;ND;ND;ND;ND
877;2G;Alcatel 208 Gris;77900;41900;ND;ND;ND;ND
1196;2G;Alcatel 3001;97900;61900;61900;61900;ND;ND
1040;2G;Alcatel OT 292;45900;9900;ND;ND;ND;ND
980;2G;Alcatel OT 355A Negro;127900;91900;91900;91900;ND;ND
876;2G;Alcatel OT 355A Rojo;127900;91900;91900;91900;ND;ND
797;2G;Alcatel OT-222A Metallic Pink;102900;66900;66900;66900;ND;ND
750;2G;Alcatel OT-222A Rojo ;102900;66900;66900;66900;ND;ND
926;2G;Alcatel OT-223A;96900;60900;60900;60900;ND;ND
812;2G;Alcatel OT-255A Gris;117900;81900;81900;81900;ND;ND
1067;2G;Alcatel OT-308;81900;45900;ND;ND;ND;ND
1066;2G;Alcatel OT-358;45900;9900;ND;ND;ND;ND
1100;2G;Alcatel OT-358 White;45900;9900;ND;ND;ND;ND
799;2G;Alcatel OT-508A Plata;71900;35900;ND;ND;ND;ND
1054;2G;Alcatel OT-602;45900;9900;ND;ND;ND;ND
677;2G;Bases Fijas Avvio;ND;189900;189900;189900;189900;ND
714;2G;BlackBerry 8520 Curve;396900;360900;360900;360900;360900;364900
792;2G;BlackBerry 8520 Curve Blanca;396900;360900;360900;360900;360900;364900
1734;2G;Celufijo Huawei F317;ND;94900;97900;100900;ND;ND
1174;2G;GPS Tracker Queclink GL200;ND;209900;215900;221900;234900;ND
1173;2G;GPS Tracker Queclink GMT 100;ND;242900;249900;256900;271900;ND
1039;2G;Huawei 2800S;72900;36900;ND;ND;ND;ND
871;2G;Huawei G2100(FM);84900;48900;ND;ND;ND;ND
802;2G;Huawei G2157;79900;43900;ND;ND;ND;ND
760;2G;Huawei G2200C                  ;81900;45900;ND;ND;ND;ND
1139;2G;Huawei G6007;100900;64900;64900;64900;ND;ND
866;2G;Huawei G7010;182900;146900;146900;146900;146900;ND
993;2G;LG A235 Brava;142900;106900;106900;106900;106900;ND
896;2G;LG Chatter Barra C105;225900;189900;189900;189900;189900;ND
897;2G;LG GS 106 Anna;103900;67900;67900;67900;ND;ND
700;2G;LG GT360 Chatter;314900;278900;278900;278900;278900;ND
702;2G;LG KP109;101900;65900;65900;65900;ND;ND
791;2G;LG KP570 Cookie  Gris;360900;324900;324900;324900;324900;350900
850;2G;LG T300 Cookie Mini Negro/Gris;257900;221900;221900;221900;221900;ND
833;2G;LG T310 Cookie  Style Negro;338900;302900;302900;302900;302900;326900
852;2G;LG T310 Cookie Style Gris;338900;302900;302900;302900;302900;326900
1161;2G;Modem AVL GSM 2358;ND;150900;154900;158900;167900;ND
1451;2G;Modem GPS Candado Ultra;ND;479900;492900;507900;535900;593900
1443;2G;Modem GPS Parking;ND;147900;151900;156900;165900;ND
591;2G;Motorola EM 35;529900;493900;493900;493900;493900;532900
887;2G;Motorola EX122 Motoscreen;239900;203900;203900;203900;203900;ND
835;2G;Motorola SWX290;144900;108900;108900;108900;108900;ND
776;2G;Movistar  R352;176900;140900;140900;140900;140900;ND
1148;2G;Movistar R255;83900;47900;ND;ND;ND;ND
1317;2G;Movistar R255 Silver;83900;47900;ND;ND;ND;ND
1135;2G;Movistar S519;68900;32900;ND;ND;ND;ND
895;2G;Movistar Smile;266900;230900;230900;230900;230900;ND
894;2G;Movistar Urban;95900;59900;59900;59900;ND;ND
1053;2G;Movistar Urban M;45900;9900;ND;ND;ND;ND
1028;2G;Nokia 100 Colt;45900;9900;ND;ND;ND;ND
1288;2G;Nokia 106;84900;48900;ND;ND;ND;ND
1302;2G;Nokia 106 Blanco;84900;48900;ND;ND;ND;ND
804;2G;Nokia 1616;80900;44900;ND;ND;ND;ND
618;2G;Nokia 1661;114900;78900;78900;78900;ND;ND
1031;2G;Nokia 201;169900;133900;133900;133900;133900;ND
1045;2G;Nokia 201 Blanco;169900;133900;133900;133900;133900;ND
838;2G;Nokia 2220 Slide;151900;115900;115900;115900;115900;ND
689;2G;Nokia 2330  ;161900;125900;125900;125900;125900;ND
45;2G;Nokia 3500;235900;199900;205900;211900;223900;ND
557;2G;Nokia 5130;255900;219900;219900;219900;219900;ND
580;2G;Nokia 5220 Xpress Music Rojo;445900;409900;409900;409900;409900;442900
893;2G;Nokia C1-01;149900;113900;113900;113900;113900;ND
815;2G;Nokia C3;253900;217900;217900;217900;217900;ND
972;2G;Nokia C3-00 Negro;253900;217900;217900;217900;217900;ND
839;2G;Nokia X2-00;342900;306900;306900;306900;306900;330900
875;2G;Nokia X2-01;299900;263900;263900;263900;263900;ND
698;2G;Planta Ericsson G36;ND;301900;301900;301900;301900;325900
350;2G;Samsung C425 Clic;173900;137900;137900;137900;137900;ND
916;2G;Samsung CH@T 335 S3350;70900;34900;ND;ND;ND;ND
1002;2G;Samsung Chat 222;166900;130900;130900;130900;130900;ND
781;2G;Samsung E1086 KeyStone FM;95900;59900;59900;59900;ND;ND
1051;2G;Samsung E1200;45900;9900;ND;ND;ND;ND
962;2G;Samsung GT-E2230 Nari Single Sim;137900;101900;101900;101900;101900;ND
446;2G;Samsung SGH-C165;124900;88900;88900;88900;ND;ND
537;2G;Sony Ericsson R306 Negro;239900;203900;203900;203900;203900;ND
542;2G;Sony Ericsson T303 Negro;210900;174900;174900;174900;174900;ND
536;2G;Sony Ericsson T303 Silver;210900;174900;174900;174900;174900;ND
1005;2G;Sony Ericsson TXT Pro Negro;277900;241900;241900;241900;241900;ND
738;2G;Sony Ericsson W205 Tessa Negro;268900;232900;232900;232900;232900;ND
739;2G;Sony Ericsson W205 Tessa Rosado;268900;232900;232900;232900;232900;ND
564;2G;Sony Ericsson W302;347900;311900;311900;311900;311900;336900
1522;3G;Alcatel 2052;133900;97900;100900;103900;ND;ND
1330;3G;Alcatel 3075;174900;125900;129900;132900;140900;ND
1360;3G;Alcatel Idol Mini Plateado;345900;309900;327900;327900;327900;330900
1290;3G;Alcatel OT 4030 Spop;145900;109900;203900;203900;203900;ND
1316;3G;Alcatel OT 4030 Spop Blanco;145900;109900;203900;203900;203900;ND
1055;3G;Alcatel OT- 870;71900;35900;ND;ND;ND;ND
1146;3G;Alcatel OT Fire 4012 ;45900;9900;ND;ND;ND;ND
1322;3G;Alcatel OT Fire 4012 Camiseta Selección Colombia;45900;9900;ND;ND;ND;ND
1192;3G;Alcatel OT Fire 4012 Naranja;45900;9900;ND;ND;ND;ND
1323;3G;Alcatel OT Fire 4012 Naranja Camiseta Selección Colombia;45900;9900;ND;ND;ND;ND
1019;3G;Alcatel OT-900A;228900;192900;192900;192900;192900;ND
1085;3G;Alcatel OT-903;71900;35900;ND;ND;ND;ND
1533;3G;"Alcatel Pixi 3 (4,0"")";185900;149900;153900;158900;167900;ND
1534;3G;"Alcatel Pixi 3 (4,0"") Blanco";185900;149900;153900;158900;167900;ND
1613;3G;"Alcatel Pop 3 5""";446900;327900;337900;337900;340900;340900
1614;3G;"Alcatel Pop 3 5"" Blanco";446900;327900;337900;337900;340900;340900
1398;3G;Alcatel Pop C1 Blanco;165900;129900;133900;137900;144900;ND
1397;3G;Alcatel Pop C1 Negro;165900;129900;133900;137900;144900;ND
819;3G;BlackBerry 9300 Gris;514900;478900;478900;478900;478900;516900
1044;3G;BlackBerry 9320;155900;119900;122900;126900;133900;ND
970;3G;BlackBerry 9360;643900;607900;607900;607900;607900;656900
1169;3G;BlackBerry 9720;423900;387900;431900;431900;431900;465900
1327;3G;BlackBerry 9720 Camiseta Selección Colombia;423900;387900;431900;431900;431900;465900
1042;3G;BlackBerry 9790 ;799900;763900;763900;763900;763900;824900
989;3G;BlackBerry 9900;1220900;1184900;1184900;1184900;1184900;1279900
828;3G;BlackBerry Torch 9800 ;1206900;1170900;1170900;1170900;1170900;1182900
1121;3G;BlackBerry Z10;335900;299900;299900;299900;299900;323900
1049;3G;Celufijo Huawei ETS-3125i;ND;60900;60900;60900;ND;ND
1165;3G;Huawei Ascend P6;495900;459900;689900;689900;689900;744900
1205;3G;Huawei Ascend P6 Negro;495900;459900;689900;689900;689900;744900
1057;3G;Huawei Ascend Y101;209900;173900;173900;173900;173900;ND
1149;3G;Huawei G510;365900;329900;329900;329900;329900;355900
1206;3G;Huawei G510 Negro;365900;329900;329900;329900;329900;355900
1021;3G;Huawei U6150-5;210900;174900;174900;174900;174900;ND
977;3G;Huawei U8350 Boulder;308900;272900;272900;272900;272900;ND
1295;3G;Huawei Y 220;105900;69900;69900;69900;ND;ND
1315;3G;Huawei Y 220 Blanco;105900;69900;69900;69900;ND;ND
1611;3G;Huawei Y3 DS;263900;223900;230900;236900;250900;ND
1612;3G;Huawei Y3 DS Blanco;263900;223900;230900;236900;250900;ND
1344;3G;Huawei Y330 Fizz;165900;129900;133900;137900;142900;ND
1345;3G;Huawei Y330 Fizz Blanco;165900;129900;133900;137900;142900;ND
823;3G;Iphone 4 de 16 GB;1394900;1358900;1358900;1358900;1358900;1467900
824;3G;Iphone 4 de 16 GB White;1394900;1358900;1358900;1358900;1358900;1467900
825;3G;Iphone 4 de 32 GB Black;1609900;1573900;1573900;1573900;1573900;1699900
1012;3G;Iphone 4S 16 GB Negro;1499900;1463900;1463900;1463900;1463900;1580900
1013;3G;Iphone 4S 32 GB Negro;1731900;1695900;1695900;1695900;1695900;1831900
1015;3G;Iphone 4S 64 GB Negro;1943900;1907900;1907900;1907900;1907900;2060900
1058;3G;LG E400 Optimus L3;71900;35900;ND;ND;ND;ND
1202;3G;LG L3 II;232900;196900;196900;196900;196900;ND
1416;3G;LG L40;155900;119900;134900;134900;134900;ND
1454;3G;LG L40 + DVD;155900;119900;134900;134900;134900;ND
1417;3G;LG L40 Blanco;155900;119900;134900;134900;134900;ND
1319;3G;LG L5 II Blanco Camiseta Selección Colombia;285900;249900;249900;249900;249900;ND
1318;3G;LG L5 II Camiseta Selección Colombia;285900;249900;249900;249900;249900;ND
1296;3G;LG L7 II;399900;363900;363900;363900;363900;392900
1166;3G;LG Optimus L5 II;285900;249900;249900;249900;249900;ND
1299;3G;LG Optimus L5 II Blanco;285900;249900;249900;249900;249900;ND
938;3G;LG P350 Optimus One Me/Pecan;416900;380900;380900;380900;380900;410900
1554;3G;Lumia 435 DS;96900;60900;60900;60900;ND;ND
553;3G;Modem ATI UM 100;95900;59900;ND;ND;ND;ND
857;3G;Modem Huawei 3G E1756 C;95900;59900;ND;ND;ND;ND
1733;3G;Modem Seguimiento SkyPatrol 3G;ND;399900;411900;423900;447900;495900
610;3G;Modem SkyPatrol TT8750;ND;155900;160900;164900;174900;ND
1531;3G;Modem USB 3G Alcatel X602;108900;72900;ND;ND;ND;ND
718;3G;Modem USB 3G E1756;95900;59900;ND;ND;ND;ND
914;3G;Modem USB 3G Huawei E173 Verde;95900;59900;ND;ND;ND;ND
910;3G;Modem USB 3G Huawei E173 ;95900;59900;ND;ND;ND;ND
982;3G;Modem USB 3G ZTE MF193;95900;59900;ND;ND;ND;ND
1071;3G;Modem USB Huawei E303;108900;72900;ND;ND;ND;ND
1050;3G;Modem USB Huawei E353 HSPA+;95900;59900;ND;ND;ND;ND
1072;3G;Modem ZTE USB  MF669 HSPA+;95900;59900;ND;ND;ND;ND
978;3G;Modem ZTE USB 3G MF190;95900;59900;ND;ND;ND;ND
1207;3G;Moto G;297900;261900;269900;277900;293900;ND
1032;3G;Motorola MB632 Pro+;805900;769900;769900;769900;769900;777900
1418;3G;Motorola Moto E DS;167900;131900;135900;139900;147900;ND
1022;3G;Motorola Motokey Social;212900;176900;176900;176900;176900;ND
1033;3G;Motorola Razr;1225900;1189900;1189900;1189900;1189900;1322900
997;3G;Movistar One;242900;206900;206900;206900;206900;ND
1198;3G;Nokia 208;135900;99900;121900;121900;121900;ND
820;3G;Nokia 2710 Navigation ED;262900;226900;226900;226900;226900;ND
1041;3G;Nokia 302;45900;9900;ND;ND;ND;ND
1108;3G;Nokia 302 Blanco;45900;9900;ND;ND;ND;ND
769;3G;Nokia 5230;430900;394900;394900;394900;394900;425900
922;3G;Nokia C2-01;155900;119900;122900;126900;133900;ND
1107;3G;Nokia C2-01 Plateado;155900;119900;122900;126900;133900;ND
918;3G;Nokia C5-03 ;475900;439900;439900;439900;439900;474900
842;3G;Nokia E5-00;452900;416900;416900;416900;416900;449900
975;3G;Nokia E5-00 Negro;452900;416900;416900;416900;416900;449900
730;3G;Nokia E72;839900;803900;803900;803900;803900;811900
1088;3G;Nokia Lumia 510;71900;35900;ND;ND;ND;ND
1130;3G;Nokia Lumia 520;71900;35900;ND;ND;ND;ND
1131;3G;Nokia Lumia 520 Amarillo;71900;35900;ND;ND;ND;ND
1326;3G;Nokia Lumia 520 Amarillo Camiseta Selección Colombia;71900;35900;ND;ND;ND;ND
1325;3G;Nokia Lumia 520 Camiseta Selección Colombia;71900;35900;ND;ND;ND;ND
1510;3G;Nokia Lumia 535;165900;129900;133900;137900;145488;ND
1060;3G;Nokia Lumia 610;108900;72900;72900;72900;ND;ND
1167;3G;Nokia Lumia 720;361900;325900;341900;341900;341900;344900
1036;3G;Nokia Lumia 800;549900;513900;539900;539900;539900;544900
1061;3G;Nokia Lumia 900 Action;558900;522900;548900;548900;548900;553900
1035;3G;Nokia Lumia710;355900;319900;335900;335900;335900;338900
840;3G;Nokia N8;1117900;1081900;1081900;1081900;1081900;1081900
881;3G;Nokia X3-02;378900;342900;342900;342900;342900;369900
1351;3G;Planta 2N Easy Gate Pro;ND;576900;576900;576900;576900;622900
70;3G;Planta Interconexion PBX 2N;ND;352900;352900;352900;352900;380900
1584;3G;Samsung  Galaxy Ace 4 Neo DS;135900;97900;100900;103900;ND;ND
1585;3G;Samsung  Galaxy Ace 4 Neo DS Blanco;135900;97900;100900;103900;ND;ND
1084;3G;Samsung CH@T 527 -S5270;45900;9900;ND;ND;ND;ND
1083;3G;Samsung Erica E3300L;71900;35900;ND;ND;ND;ND
1126;3G;Samsung Galaxy Ace 2 Azul;91900;55900;57900;58900;ND;ND
1324;3G;Samsung Galaxy Ace 2 Azul Camiseta Selección Colombia;91900;55900;57900;58900;ND;ND
1127;3G;Samsung Galaxy Ace 2 Blanco;91900;55900;57900;58900;ND;ND
1328;3G;Samsung Galaxy Ace 2 Blanco Camiseta Selección Colombia;91900;55900;57900;58900;ND;ND
1461;3G;Samsung Galaxy Ace 4 Lite DS;241900;205900;211900;217900;230900;ND
1462;3G;Samsung Galaxy Ace 4 Lite DS Blanco;241900;205900;211900;217900;230900;ND
921;3G;Samsung Galaxy Ace S5830;95900;59900;90900;90900;ND;ND
1090;3G;Samsung Galaxy Chat B5330;350900;314900;314900;314900;314900;339900
1695;3G;Samsung Galaxy J1 Mini;347900;311900;318900;318900;318900;318900
1696;3G;Samsung Galaxy J1 Mini Blanco;347900;311900;318900;318900;318900;318900
1117;3G;Samsung Galaxy Music;410900;374900;374900;374900;374900;404900
1037;3G;Samsung Galaxy Nexus GT-I9250;1092900;1056900;1056900;1056900;1056900;1184900
1063;3G;Samsung Galaxy S III;295900;259900;906900;906900;906900;ND
1065;3G;Samsung Galaxy S III Blanco;295900;259900;906900;906900;906900;ND
1115;3G;Samsung Galaxy S III Mini Azul;333900;293900;302900;311900;328900;ND
1116;3G;Samsung Galaxy S III Mini Blanco;333900;293900;302900;311900;328900;ND
1101;3G;Samsung Galaxy S III Negro;295900;259900;906900;906900;906900;ND
1145;3G;Samsung Galaxy S4 Blanco;645900;609900;918900;918900;918900;1024900
1144;3G;Samsung Galaxy S4 Negro;645900;609900;918900;918900;918900;1024900
1216;3G;Samsung Galaxy S4 Zoom;954900;918900;918900;918900;918900;1004900
1340;3G;Samsung Galaxy Trend Lite;71900;35900;ND;ND;ND;ND
1341;3G;Samsung Galaxy Trend Lite Blanco;71900;35900;ND;ND;ND;ND
976;3G;Samsung Galaxy Y;71900;35900;ND;ND;ND;ND
1123;3G;Samsung Galaxy Young Azul;71900;35900;ND;ND;ND;ND
1124;3G;Samsung Galaxy Young Blanco;71900;35900;ND;ND;ND;ND
998;3G;Samsung GT-B5510 Galaxy Y Pro;300900;264900;264900;264900;264900;ND
933;3G;Samsung GT-I9100 Galaxy S II;195900;159900;164900;168900;178900;ND
1038;3G;Samsung GT-I9220  Galaxy Note;1188900;1152900;1152900;1152900;1152900;1152900
999;3G;Samsung Omnia W;640900;604900;604900;604900;604900;675900
1064;3G;Sony  Xperia U;509900;473900;473900;473900;473900;511900
1034;3G;Sony Ericcson Arc Sayame LT18A;1121900;1085900;1085900;1085900;1085900;1172900
814;3G;Sony Ericcson X10 Mini;741900;705900;705900;705900;705900;712900
1008;3G;Sony Ericcson Xperia  Play;1099900;1063900;1063900;1063900;1063900;1148900
773;3G;Sony Ericsson X10;1437900;1401900;1401900;1401900;1401900;1513900
1140;3G;Sony Xperia E;71900;35900;ND;ND;ND;ND
1342;3G;Sony Xperia E1;184900;148900;150900;150900;150900;ND
1343;3G;Sony Xperia E1 Blanco;184900;148900;150900;150900;150900;ND
1190;3G;Sony Xperia M;91900;55900;57900;58900;ND;ND
1209;3G;Sony Xperia M Blanco;91900;55900;57900;58900;ND;ND
1321;3G;Sony Xperia M Blanco Camiseta Selección Colombia;91900;55900;57900;58900;ND;ND
1078;3G;Sony Xperia Tipo;285900;249900;249900;249900;249900;ND
1142;3G;Sony Xperia ZL;1176900;1140900;1140900;1140900;1140900;1231900
1571;3G;Yezz Andy 5.0 E;288900;169900;174900;179900;189900;ND
1579;3G;Yezz Andy 5.0 E;288900;169900;174900;179900;189900;ND
1578;3G;Yezz Andy 5.0 E Blanco;288900;169900;174900;179900;189900;ND
1141;3G;Zte Open;75900;39900;ND;ND;ND;ND
1331;3G;Zte Open 2;45900;9900;ND;ND;ND;ND
1332;3G;Zte Open 2 Blanco;45900;9900;ND;ND;ND;ND
1226;3G;Zte Open Azul;75900;39900;ND;ND;ND;ND
1507;4G;Alcatel Idol Mini 2 LTE;356900;320900;330900;339900;356900;384900
1615;4G;"Alcatel Pixi 3 4,5"" LTE";249900;209900;215900;221900;234900;ND
1616;4G;"Alcatel Pixi 3 4,5"" LTE Blanco";249900;209900;215900;221900;234900;ND
1420;4G;Alcatel Pop  S3 LTE;281900;245900;275900;275900;275900;ND
1421;4G;Alcatel Pop  S3 LTE Blanco;281900;245900;275900;275900;275900;ND
1455;4G;"Alcatel Pop 2 - 4.5"" LTE ";235900;199900;205900;211900;223900;ND
1456;4G;"Alcatel Pop 2 - 4.5"" LTE Blanco";235900;199900;205900;211900;223900;ND
1707;4G;"Alcatel Pop 3 5.5"" LTE";469900;433900;446900;446900;446900;446900
1708;4G;"Alcatel Pop 3 5.5"" LTE Blanco";469900;433900;446900;446900;446900;446900
1751;4G;"Alcatel Pop 3 5.5"" LTE Blanco Camiseta";ND;433900;446900;446900;446900;446900
1750;4G;"Alcatel Pop 3 5.5"" LTE Camiseta";ND;433900;446900;446900;446900;446900
1627;4G;Andy 5E LTE;319900;279900;287900;296900;312900;ND
1628;4G;Andy 5E LTE Blanco;319900;279900;287900;296900;312900;ND
1172;4G;BlackBerry Q10 Blanco LTE;682900;646900;665900;685900;724900;801900
1171;4G;BlackBerry Q10 LTE;682900;646900;665900;685900;724900;801900
1170;4G;BlackBerry Q5 LTE;505900;469900;526900;526900;526900;526900
1213;4G;BlackBerry Z10 LTE;365900;329900;329900;329900;329900;355900
1214;4G;BlackBerry Z10 LTE Blanco;365900;329900;329900;329900;329900;355900
1445;4G;Huawei Ascend P7 Blanco LTE;705900;669900;689900;709900;749900;830900
1428;4G;Huawei Ascend P7 LTE;705900;669900;689900;709900;749900;830900
1753;4G;Huawei Eco Blanco LTE;258900;219900;225900;232900;245900;ND
1752;4G;Huawei Eco LTE;258900;219900;225900;232900;245900;ND
1508;4G;Huawei G 620 S LTE;335900;299900;502900;502900;502900;502900
1603;4G;Huawei G 620 S LTE Blanco;335900;299900;502900;502900;502900;502900
1621;4G;Huawei G Play DS LTE;601900;549900;565900;582900;666900;681900
1622;4G;Huawei G Play DS LTE Blanco;601900;549900;565900;582900;666900;681900
1740;4G;Huawei G Play DS LTE Blanco Camiseta;ND;549900;565900;582900;666900;681900
1739;4G;Huawei G Play DS LTE Camiseta;ND;549900;565900;582900;666900;681900
1385;4G;Huawei G526 LTE;413900;377900;377900;377900;377900;381900
1386;4G;Huawei G526 LTE Blanco;413900;377900;377900;377900;377900;381900
1250;4G;Huawei G526 LTE Camiseta Selección Colombia;413900;377900;377900;377900;377900;381900
1574;4G;Huawei G7 LTE ;635900;599900;614900;614900;614900;614900
1575;4G;Huawei G7 LTE  Blanco;635900;599900;614900;614900;614900;614900
1691;4G;Huawei G8 LTE;1213900;1162900;1197900;1232900;1301900;1422900
1692;4G;Huawei G8 LTE Champagne;1213900;1162900;1197900;1232900;1301900;1422900
1487;4G;Huawei Mate 7 LTE;1415900;1379900;1420900;1505900;1622900;1622900
1488;4G;Huawei Mate 7 LTE Blanco;1415900;1379900;1420900;1505900;1622900;1622900
1709;4G;Huawei Mate 8 LTE ;1853900;1797900;1851900;1905900;2013900;2228900
1710;4G;Huawei Mate 8 LTE Champagne;1853900;1797900;1851900;1905900;2013900;2228900
1674;4G;Huawei Mate S LTE ;1564900;1511900;1556900;1602900;1692900;1874900
1675;4G;Huawei Mate S LTE Champagne;1564900;1511900;1556900;1602900;1692900;1874900
1687;4G;Huawei P8 Lite LTE;756900;712900;733900;743900;743900;743900
1688;4G;Huawei P8 Lite LTE Blanco;756900;712900;733900;743900;743900;743900
1747;4G;Huawei P8 Lite LTE Blanco Camiseta;ND;712900;733900;743900;743900;743900
1746;4G;Huawei P8 Lite LTE Camiseta;ND;712900;733900;743900;743900;743900
1593;4G;Huawei P8 LTE;1096900;1060900;1097900;1135900;1210900;1359900
1594;4G;Huawei P8 LTE Champange;1096900;1060900;1097900;1135900;1210900;1359900
1619;4G;Huawei Y5 DS LTE;391900;355900;366900;376900;397900;403900
1620;4G;Huawei Y5 DS LTE Blanco;391900;355900;366900;376900;397900;403900
1755;4G;Huawei Y5 II Blanco LTE;395900;359900;370900;380900;402900;445900
1754;4G;Huawei Y5 II LTE;395900;359900;370900;380900;402900;445900
1463;4G;Huawei Y550 LTE;365900;329900;339900;349900;368900;368900
1464;4G;Huawei Y550 LTE Blanco;365900;329900;339900;349900;368900;368900
1550;4G;Huawei Y550 LTE Blanco Camiseta;365900;329900;339900;349900;368900;368900
1549;4G;Huawei Y550 LTE Camiseta;365900;329900;339900;349900;368900;368900
1586;4G;Huawei Y635 LTE;420900;379900;390900;402900;424900;445900
1587;4G;Huawei Y635 LTE Blanco;420900;379900;390900;402900;424900;445900
1681;4G;Huawei Y635 LTE Blanco Campaña Navidad;420900;379900;390900;402900;424900;445900
1680;4G;Huawei Y635 LTE Campaña Navidad;420900;379900;390900;402900;424900;445900
1095;4G;Iphone 5 LTE 16GB Blanco;1272900;1236900;1236900;1236900;1236900;1421900
1094;4G;Iphone 5 LTE 16GB Negro;1272900;1236900;1236900;1236900;1236900;1421900
1271;4G;Iphone 5C LTE 16GB Amarillo;1270900;1234900;1234900;1234900;1234900;1419900
1272;4G;Iphone 5C LTE 16GB Azul;1270900;1234900;1234900;1234900;1234900;1419900
1270;4G;Iphone 5C LTE 16GB Plata;1270900;1234900;1234900;1234900;1234900;1419900
1273;4G;Iphone 5C LTE 16GB Rosado;1270900;1234900;1234900;1234900;1234900;1419900
1274;4G;Iphone 5C LTE 16GB Verde;1270900;1234900;1234900;1234900;1234900;1419900
1276;4G;Iphone 5C LTE 32GB Amarillo;1595900;1559900;1704900;1704900;1704900;1721900
1277;4G;Iphone 5C LTE 32GB Azul;1595900;1559900;1704900;1704900;1704900;1721900
1275;4G;Iphone 5C LTE 32GB Plata;1595900;1559900;1704900;1704900;1704900;1721900
1278;4G;Iphone 5C LTE 32GB Rosado;1595900;1559900;1704900;1704900;1704900;1721900
1279;4G;Iphone 5C LTE 32GB Verde;1595900;1559900;1704900;1704900;1704900;1721900
1261;4G;Iphone 5S LTE 16GB Gris Espacial;1097900;1061900;1088900;1088900;1088900;1088900
1263;4G;Iphone 5S LTE 16GB Oro;1097900;1061900;1088900;1088900;1088900;1088900
1262;4G;Iphone 5S LTE 16GB Plata;1097900;1061900;1088900;1088900;1088900;1088900
1264;4G;Iphone 5S LTE 32GB Gris Espacial;1797900;1761900;2042900;2042900;2042900;2062900
1266;4G;Iphone 5S LTE 32GB Oro;1797900;1761900;2042900;2042900;2042900;2062900
1265;4G;Iphone 5S LTE 32GB Plata;1797900;1761900;2042900;2042900;2042900;2062900
1267;4G;Iphone 5S LTE 64 GB  Gris Espacial;2035900;1999900;1999900;1999900;1999900;2299900
1495;4G;Iphone 6 128GB Gris Espacial;2548900;2512900;2638900;2638900;2638900;2664900
1497;4G;Iphone 6 128GB Oro;2548900;2512900;2638900;2638900;2638900;2664900
1496;4G;Iphone 6 128GB Plata;2548900;2512900;2638900;2638900;2638900;2664900
1489;4G;Iphone 6 16GB Gris Espacial;2010900;1974900;2171900;2171900;2171900;2214900
1491;4G;Iphone 6 16GB Gris Espacial Oro;2010900;1974900;2171900;2171900;2171900;2214900
1490;4G;Iphone 6 16GB Gris Espacial Plata;2010900;1974900;2171900;2171900;2171900;2214900
1492;4G;Iphone 6 64GB Gris Espacial;2395900;2359900;2448900;2448900;2448900;2448900
1494;4G;Iphone 6 64GB Oro;2395900;2359900;2448900;2448900;2448900;2448900
1493;4G;Iphone 6 64GB Plata;2395900;2359900;2448900;2448900;2448900;2448900
1504;4G;Iphone 6 Plus 128GB Gris Espacial;2862900;2826900;3165900;3165900;3165900;3419900
1506;4G;Iphone 6 Plus 128GB Oro;2862900;2826900;3165900;3165900;3165900;3419900
1505;4G;Iphone 6 Plus 128GB Plata;2862900;2826900;3165900;3165900;3165900;3419900
1498;4G;Iphone 6 Plus 16GB Gris Espacial;2395900;2359900;2448900;2448900;2448900;2448900
1500;4G;Iphone 6 Plus 16GB Oro;2395900;2359900;2448900;2448900;2448900;2448900
1499;4G;Iphone 6 Plus 16GB Plata;2395900;2359900;2448900;2448900;2448900;2448900
1501;4G;Iphone 6 Plus 64GB Gris Espacial;2644900;2608900;2608900;2608900;2608900;2608900
1503;4G;Iphone 6 Plus 64GB Oro;2644900;2608900;2608900;2608900;2608900;2608900
1502;4G;Iphone 6 Plus 64GB Plata;2644900;2608900;2608900;2608900;2608900;2608900
1654;4G;Iphone 6S 128 GB LTE Dorado;3351900;3315900;3315900;3315900;3315900;3315900
1652;4G;Iphone 6S 128 GB LTE Gris Espacial;3351900;3315900;3315900;3315900;3315900;3315900
1653;4G;Iphone 6S 128 GB LTE Plata;3351900;3315900;3315900;3315900;3315900;3315900
1655;4G;Iphone 6S 128 GB LTE Rosado;3351900;3315900;3315900;3315900;3315900;3315900
1644;4G;Iphone 6S 16GB LTE Gris Espacial;2464900;2428900;2428900;2428900;2428900;2428900
1646;4G;Iphone 6S 16GB LTE Oro;2464900;2428900;2428900;2428900;2428900;2428900
1645;4G;Iphone 6S 16GB LTE Plata;2464900;2428900;2428900;2428900;2428900;2428900
1647;4G;Iphone 6S 16GB LTE Rosado;2464900;2428900;2428900;2428900;2428900;2428900
1648;4G;Iphone 6S 64GB LTE Gris Espacial;2925900;2889900;2889900;2889900;2889900;2889900
1650;4G;Iphone 6S 64GB LTE Oro;2925900;2889900;2889900;2889900;2889900;2889900
1649;4G;Iphone 6S 64GB LTE Plata;2925900;2889900;2889900;2889900;2889900;2889900
1651;4G;Iphone 6S 64GB LTE Rosado;2925900;2889900;2889900;2889900;2889900;2889900
1666;4G;Iphone 6S Plus 128GB LTE Dorado;3778900;3742900;3742900;3742900;3742900;3742900
1664;4G;Iphone 6S Plus 128GB LTE Gris Espacial;3778900;3742900;3742900;3742900;3742900;3742900
1665;4G;Iphone 6S Plus 128GB LTE Plata;3778900;3742900;3742900;3742900;3742900;3742900
1667;4G;Iphone 6S Plus 128GB LTE Rosado;3778900;3742900;3742900;3742900;3742900;3742900
1656;4G;Iphone 6S Plus 16GB LTE Gris Espacial;2925900;2889900;2889900;2889900;2889900;2889900
1658;4G;Iphone 6S Plus 16GB LTE Oro;2925900;2889900;2889900;2889900;2889900;2889900
1657;4G;Iphone 6S Plus 16GB LTE Plata;2925900;2889900;2889900;2889900;2889900;2889900
1659;4G;Iphone 6S Plus 16GB LTE Rosado;2925900;2889900;2889900;2889900;2889900;2889900
1660;4G;Iphone 6S Plus 64GB LTE Gris Espacial;3351900;3315900;3315900;3315900;3315900;3315900
1662;4G;Iphone 6S Plus 64GB LTE Oro;3351900;3315900;3315900;3315900;3315900;3315900
1661;4G;Iphone 6S Plus 64GB LTE Plata;3351900;3315900;3315900;3315900;3315900;3315900
1663;4G;Iphone 6S Plus 64GB LTE Rosado;3351900;3315900;3315900;3315900;3315900;3315900
1782;4G;Iphone SE Gris Espacial 16 GB;1633900;1597900;1645900;1693900;1789900;1804900
1786;4G;Iphone SE Oro 16 GB;1633900;1597900;1645900;1693900;1789900;1804900
1783;4G;Iphone SE Plata 16 GB;1633900;1597900;1645900;1693900;1789900;1804900
1787;4G;Iphone SE Rosado 16 GB;1633900;1597900;1645900;1693900;1789900;1804900
1642;4G;Lenovo Angus LTE A2010;368900;249900;256900;264900;279900;ND
1715;4G;Lenovo Vibe K5 LTE ;634900;598900;616900;634900;671900;754900
1716;4G;Lenovo Vibe K5 LTE Blanco;634900;598900;616900;634900;671900;754900
1537;4G;LG C70 LTE;454900;418900;430900;430900;430900;430900
1253;4G;LG G2 LTE;745900;709900;989900;989900;989900;1079900
1509;4G;LG G3 Beat LTE;455900;419900;431900;444900;469900;520900
1430;4G;LG G3 LTE;593900;557900;574900;590900;624900;691900
1447;4G;LG G3 LTE Blanco;593900;557900;574900;590900;624900;691900
1597;4G;LG G4 Beat LTE;679900;643900;663900;663900;663900;663900
1595;4G;LG G4 LTE;1135900;1078900;1110900;1143900;1207900;1337900
1793;4G;LG G5 Blanco LTE;2098900;2040900;2101900;2162900;2285900;2530900
1792;4G;LG G5 LTE;2098900;2040900;2101900;2162900;2285900;2530900
1757;4G;LG K8 Blanco LTE;546900;510900;522900;522900;522900;522900
1756;4G;LG K8 LTE;546900;510900;522900;522900;522900;522900
1775;4G;LG XCAM Blanco LTE;1082900;1046900;1077900;1109900;1172900;1297900
1774;4G;LG XCAM LTE;1082900;1046900;1077900;1109900;1172900;1297900
1555;4G;Lumia 640 DS LTE;224900;188900;194900;199900;211900;ND
1556;4G;Lumia 640 XL DS LTE;224900;188900;194900;199900;211900;ND
1553;4G;Lumia 830 LTE Camiseta;530900;494900;519900;519900;519900;524900
1484;4G;Modem Mifi Huawei E5377;330900;294900;329900;329900;329900;ND
1282;4G;Modem Mifi Huawei E5776 LTE;330900;294900;329900;329900;329900;ND
1283;4G;Modem Mifi ZTE MF90 LTE;330900;294900;329900;329900;329900;ND
1530;4G;Modem Mifi ZTE MF910 LTE;330900;294900;329900;329900;329900;ND
1285;4G;Modem Router ZTE MF253 LTE;ND;188930;194900;199900;211900;ND
1588;4G;Moto G 3 Generación LTE;625900;506900;521900;536900;567900;628900
1743;4G;Moto G 3 Generación LTE Camiseta;ND;506900;521900;536900;567900;628900
1684;4G;Moto G 3 Generación LTE Campaña Navidad;625900;506900;521900;536900;567900;628900
1668;4G;Moto G 3 Generación Turbo LTE;732900;688900;709900;729900;780900;863900
1765;4G;Moto G 4A Generación Blanco LTE;921900;875900;901900;927900;980900;1085900
1764;4G;Moto G 4A Generación LTE;921900;875900;901900;927900;980900;1085900
1767;4G;Moto G 4A Generación Plus Blanco LTE;1118900;1069900;1101900;1133900;1197900;1326900
1766;4G;Moto G 4A Generación Plus LTE;1118900;1069900;1101900;1133900;1197900;1326900
1426;4G;Moto G LTE;435900;399900;411900;423900;445900;449900
1592;4G;Moto X Play LTE;1200900;1164900;1199900;1234900;1304900;1443900
1208;4G;Motorola X LTE;834900;798900;904900;904900;904900;904900
1368;4G;Nokia Lumia 1320 LTE;252900;216900;222900;229900;242900;ND
1292;4G;Nokia Lumia 625 LTE;89900;53900;53900;53900;ND;ND
1304;4G;Nokia Lumia 625 LTE Blanco;89900;53900;53900;53900;ND;ND
1305;4G;Nokia Lumia 625 LTE Verde;89900;53900;53900;53900;ND;ND
1334;4G;Nokia Lumia 635 LTE;135900;99900;104900;104900;104900;ND
1511;4G;Nokia Lumia 830 LTE;530900;494900;519900;519900;519900;524900
1128;4G;Nokia Lumia 920 LTE;230900;194900;204900;204900;204900;ND
1168;4G;Nokia Lumia 925 LTE;533900;497900;522900;522900;522900;527900
1306;4G;Nokia Lumia 925 LTE Blanco;533900;497900;522900;522900;522900;527900
1538;4G;Nuevo Moto E LTE;402900;366900;377900;388900;410900;446900
1481;4G;Nuevo Moto X LTE;975900;939900;1052900;1052900;1052900;1136900
1482;4G;Nuevo Moto X Madera Nogal LTE;1035900;999900;1120900;1120900;1120900;1210900
1721;4G;Samsung  S7 Edge LTE ;2732900;2690950;2749900;2829900;2903900;2903900
1722;4G;Samsung  S7 Edge LTE Blanco;2732900;2690950;2749900;2829900;2903900;2903900
1738;4G;Samsung  S7 Edge LTE Dorado;2732900;2690950;2749900;2829900;2903900;2903900
1737;4G;Samsung  S7 Edge LTE Plata;2732900;2690950;2749900;2829900;2903900;2903900
1719;4G;Samsung  S7 LTE ;2421900;2361950;2432900;2503900;2596900;2596900
1720;4G;Samsung  S7 LTE Blanco;2421900;2361950;2432900;2503900;2596900;2596900
1736;4G;Samsung  S7 LTE Dorado;2421900;2361950;2432900;2503900;2596900;2596900
1735;4G;Samsung  S7 LTE Plata;2421900;2361950;2432900;2503900;2596900;2596900
1552;4G;Samsung Core Prime LTE Blanco Camiseta;330900;294900;303900;312900;329900;ND
1551;4G;Samsung Core Prime LTE Camiseta;330900;294900;303900;312900;329900;ND
1640;4G;Samsung Galaxy  Note 5 LTE;2504900;2444900;2517900;2591900;2737900;2977900
1641;4G;Samsung Galaxy  Note 5 LTE Plateada;2504900;2444900;2517900;2591900;2737900;2977900
1583;4G;Samsung Galaxy  S6 Edge Plus Dorado;2467900;2407900;2479900;2551900;2723900;3015900
1582;4G;Samsung Galaxy  S6 Edge Plus Negro;2467900;2407900;2479900;2551900;2723900;3015900
1701;4G;Samsung Galaxy A3 2016 LTE ;973900;937900;966900;966900;966900;966900
1702;4G;Samsung Galaxy A3 2016 LTE Dorado;973900;937900;966900;966900;966900;966900
1514;4G;Samsung Galaxy A3 LTE;595900;559900;559900;559900;559900;559900
1515;4G;Samsung Galaxy A3 LTE Blanco;595900;559900;559900;559900;559900;559900
1703;4G;Samsung Galaxy A5 2016 LTE ;1447900;1393900;1435900;1477900;1560900;1727900
1704;4G;Samsung Galaxy A5 2016 LTE Dorado;1447900;1393900;1435900;1477900;1560900;1727900
1516;4G;Samsung Galaxy A5 LTE;865900;829900;854900;879900;882900;882900
1517;4G;Samsung Galaxy A5 LTE Blanco;865900;829900;854900;879900;882900;882900
1705;4G;Samsung Galaxy A7 2016 LTE ;1383900;1347900;1387900;1428900;1611900;1611900
1706;4G;Samsung Galaxy A7 2016 LTE Dorado;1383900;1347900;1387900;1428900;1611900;1611900
1218;4G;Samsung Galaxy Ace 3 Blanco LTE;285900;249900;256900;264900;279900;ND
1217;4G;Samsung Galaxy Ace 3 LTE;285900;249900;256900;264900;279900;ND
1424;4G;Samsung Galaxy Ace 4 LTE ;297900;261900;269900;277900;292900;ND
1425;4G;Samsung Galaxy Ace 4 LTE Blanco;297900;261900;269900;277900;292900;ND
1434;4G;Samsung Galaxy Alpha Blanco LTE;750900;706900;727900;748900;791900;876900
1433;4G;Samsung Galaxy Alpha LTE;750900;706900;727900;748900;791900;876900
1512;4G;Samsung Galaxy Core Prime LTE;330900;294900;303900;312900;329900;ND
1513;4G;Samsung Galaxy Core Prime LTE Blanco;330900;294900;303900;312900;329900;ND
1523;4G;Samsung Galaxy Grand Prime Blanco LTE;426900;390900;402900;413900;419900;419900
1518;4G;Samsung Galaxy Grand Prime LTE;426900;390900;402900;413900;419900;419900
1617;4G;Samsung Galaxy J1 Ace DS LTE;423900;381900;392900;404900;427900;470900
1618;4G;Samsung Galaxy J1 Ace DS LTE Blanco;423900;381900;392900;404900;427900;470900
1624;4G;Samsung Galaxy J2 Blanco;531900;488900;503900;517900;547900;605900
1623;4G;Samsung Galaxy J2 LTE;531900;488900;503900;517900;547900;605900
1677;4G;Samsung Galaxy J2 LTE Blanco Campaña Navidad;531900;488900;503900;517900;547900;605900
1676;4G;Samsung Galaxy J2 LTE Campaña Navidad;531900;488900;503900;517900;547900;605900
1699;4G;Samsung Galaxy J3 2016 LTE;570900;514900;529900;545900;576900;637900
1700;4G;Samsung Galaxy J3 2016 LTE Blanco;570900;514900;529900;545900;576900;637900
1609;4G;Samsung Galaxy J5 Blanco LTE;806900;687900;708900;728900;769900;771500
1729;4G;Samsung Galaxy J5 Blanco LTE Bono BTS;806900;687900;708900;728900;769900;771500
1608;4G;Samsung Galaxy J5 LTE;806900;687900;708900;728900;769900;771500
1742;4G;Samsung Galaxy J5 LTE Blanco Camiseta;ND;687900;708900;728900;769900;771500
1682;4G;Samsung Galaxy J5 LTE Blanco Campaña Navidad;806900;687900;708900;728900;769900;771500
1730;4G;Samsung Galaxy J5 LTE Bono BTS;806900;687900;708900;728900;769900;771500
1741;4G;Samsung Galaxy J5 LTE Camiseta;ND;687900;708900;728900;769900;771500
1683;4G;Samsung Galaxy J5 LTE Campaña Navidad;806900;687900;708900;728900;769900;771500
1625;4G;Samsung Galaxy J7 LTE;914900;878900;904900;904900;904900;904900
1626;4G;Samsung Galaxy J7 LTE Blanco;914900;878900;904900;904900;904900;904900
1749;4G;Samsung Galaxy J7 LTE Blanco Camiseta;ND;878900;904900;904900;904900;904900
1748;4G;Samsung Galaxy J7 LTE Camiseta;ND;878900;904900;904900;904900;904900
1245;4G;Samsung Galaxy Note 3 LTE;885900;849900;1605900;1605900;1605900;1799900
1436;4G;Samsung Galaxy Note 3 Neo LTE Blanco;835900;799900;894900;894900;894900;966900
1479;4G;Samsung Galaxy Note 4 LTE;1985900;1949900;2007900;2066900;2155900;2176900
1219;4G;Samsung Galaxy S4 LTE;535900;499900;999900;999900;999900;1099900
1220;4G;Samsung Galaxy S4 LTE Blanco;535900;499900;999900;999900;999900;1099900
1223;4G;Samsung Galaxy S4 Mini LTE;495900;459900;464900;464900;464900;464900
1224;4G;Samsung Galaxy S4 Mini LTE Blanco;495900;459900;464900;464900;464900;464900
1353;4G;Samsung Galaxy S5 LTE;860900;814900;838900;863900;912900;1009900
1355;4G;Samsung Galaxy S5 LTE Azul;860900;814900;838900;863900;912900;1009900
1354;4G;Samsung Galaxy S5 LTE Blanco;860900;814900;838900;863900;912900;1009900
1446;4G;Samsung Galaxy S5 Mini Blanco LTE;983900;947900;1061900;1061900;1061900;1072900
1429;4G;Samsung Galaxy S5 Mini LTE;983900;947900;1061900;1061900;1061900;1072900
1544;4G;Samsung Galaxy S6 Blanco LTE;1957900;1902900;1959900;2016900;2130900;2359900
1545;4G;Samsung Galaxy S6 Dorado LTE;1957900;1902900;1959900;2016900;2130900;2359900
1547;4G;Samsung Galaxy S6 Edge Blanco LTE;2255900;2197900;2263900;2329900;2461900;2724900
1548;4G;Samsung Galaxy S6 Edge Dorado LTE;2255900;2197900;2263900;2329900;2461900;2724900
1546;4G;Samsung Galaxy S6 Edge Negro LTE;2255900;2197900;2263900;2329900;2461900;2724900
1543;4G;Samsung Galaxy S6 Negro LTE;1957900;1902900;1959900;2016900;2130900;2359900
1519;4G;Sony T2 Ultra LTE;735900;699900;783900;783900;783900;846900
1604;4G;Sony Xperia C5 Ultra LTE;1021900;985900;1014900;1044900;1103900;1222900
1465;4G;Sony Xperia E3 LTE;395900;359900;370900;380900;402900;445900
1577;4G;Sony Xperia E4;455900;419900;435900;444900;469900;520900
1540;4G;Sony Xperia E4G Blanco LTE;444900;408900;420900;432900;448900;448900
1539;4G;Sony Xperia E4G LTE;444900;408900;420900;432900;448900;448900
1431;4G;Sony Xperia M2 Aqua LTE;445900;409900;421900;433900;440900;440900
1432;4G;Sony Xperia M2 Aqua LTE Blanco;445900;409900;421900;433900;440900;440900
1361;4G;Sony Xperia M2 LTE;525900;489900;489900;489900;489900;489900
1362;4G;Sony Xperia M2 LTE Blanco;525900;489900;489900;489900;489900;489900
1542;4G;Sony Xperia M4 Aqua Blanco LTE;685900;649900;668900;688900;759900;829900
1731;4G;Sony Xperia M4 Aqua Blanco LTE Bono BTS;685900;649900;668900;688900;759900;829900
1541;4G;Sony Xperia M4 Aqua LTE;685900;649900;668900;688900;759900;829900
1732;4G;Sony Xperia M4 Aqua LTE Bono BTS;685900;649900;668900;688900;759900;829900
1679;4G;Sony Xperia M4 Aqua LTE Campaña Navidad;685900;649900;668900;688900;759900;829900
1630;4G;Sony Xperia M5 LTE;1492900;1456900;1500900;1543900;1631900;1782900
1427;4G;Sony Xperia T3 LTE;634900;598900;614900;614900;614900;614900
1210;4G;Sony Xperia Z1 LTE;888900;852900;955900;955900;955900;955900
1309;4G;Sony Xperia Z1 LTE Blanco;888900;852900;955900;955900;955900;955900
1364;4G;Sony Xperia Z2 LTE;1115900;1079900;1484900;1484900;1484900;1579900
1365;4G;Sony Xperia Z2 LTE Blanco;1115900;1079900;1484900;1484900;1484900;1579900
1477;4G;Sony Xperia Z3 LTE;1289900;1253900;1291900;1328900;1403900;1554900
1478;4G;Sony Xperia Z3 LTE Blanco;1289900;1253900;1291900;1328900;1403900;1554900
1632;4G;Sony Xperia Z5 LTE;2161900;2125900;2189900;2252900;2380900;2635900
1685;4G;Xiaomi Remi 2 Pro LTE;543900;424900;437900;449900;475900;526900
1422;4G;ZTE Blade Apex 2 LTE;135900;99900;99900;99900;99900;ND
1423;4G;ZTE Blade Apex 2 LTE Blanco;135900;99900;99900;99900;99900;ND
1254;4G;ZTE Blade G LTE;135900;99900;99900;99900;99900;ND
1399;3G - H+;Alcatel OT Fire C;45900;9900;ND;ND;ND;ND
1400;3G - H+;Alcatel OT Fire C Naranja;45900;9900;ND;ND;ND;ND
1403;3G - H+;Alcatel Pop C3;71900;35900;ND;ND;ND;ND
1404;3G - H+;Alcatel Pop C3 Blanco;71900;35900;ND;ND;ND;ND
1409;3G - H+;Alcatel Pop C5;217900;181900;186900;192900;203900;ND
1410;3G - H+;Alcatel Pop C5 Blanco;217900;181900;186900;192900;203900;ND
1405;3G - H+;Huawei Ascend Y330 DS;167900;131900;135900;139900;147900;ND
1406;3G - H+;Huawei Ascend Y330 DS Blanco;167900;131900;135900;139900;147900;ND
1449;3G - H+;Iphone 4S 8GB Blanco;685900;649900;769900;769900;769900;811900
1448;3G - H+;Iphone 4S 8GB Negro;685900;649900;769900;769900;769900;811900
1411;3G - H+;Lumia 530;145900;109900;112900;115900;123088;ND
1414;3G - H+;Samsung Galaxy Pocket DS;135900;99900;102900;105900;111888;ND
1346;3G - H+;Samsung Galaxy Young 2;71900;35900;ND;ND;ND;ND
1347;3G - H+;Samsung Galaxy Young 2 Blanco;71900;35900;ND;ND;ND;ND
1401;3G - H+;ZTE Blade C2;105900;69900;69900;69900;ND;ND
1402;3G - H+;ZTE Blade C2 Blanco;105900;69900;69900;69900;ND;ND
